This file contains any messages produced by compilers while
running configure, to aid debugging if configure makes a mistake.

It was created by libffi configure 3.4.2, which was
generated by GNU Autoconf 2.73.  Invocation command line was

  $ /home/said/pygame/mygame/.buildozer/android/platform/build-arm64-v8a_armeabi-v7a/build/other_builds/libffi/arm64-v8a__ndk_target_24/libffi/configure --host=aarch64-linux-android --prefix=/home/said/pygame/mygame/.buildozer/android/platform/build-arm64-v8a_armeabi-v7a/build/other_builds/libffi/arm64-v8a__ndk_target_24/libffi --disable-builddir --enable-shared

## --------- ##
## Platform. ##
## --------- ##

hostname = sendo
uname -m = x86_64
uname -r = 7.1.8-zen1-3-zen
uname -s = Linux
uname -v = #1 ZEN SMP PREEMPT_DYNAMIC Tue, 11 Aug 2026 09:59:01 +0000

/usr/bin/uname -p = unknown
/bin/uname -X     = unknown

/bin/arch              = unknown
/usr/bin/arch -k       = unknown
/usr/convex/getsysinfo = unknown
/usr/bin/hostinfo      = unknown
/bin/machine           = unknown
/usr/bin/oslevel       = unknown
/bin/universe          = unknown

PATH: /home/said/.buildozer/android/platform/android-ndk-r28c/toolchains/llvm/prebuilt/linux-x86_64/bin/
PATH: /home/said/.buildozer/android/platform/android-ndk-r28c/
PATH: /home/said/.buildozer/android/platform/android-sdk/tools/
PATH: /home/said/.buildozer/android/platform/apache-ant-1.9.4/bin/
PATH: /home/said/pygame/mygame/.venv/bin/
PATH: /home/said/.cargo/bin/
PATH: /usr/local/bin/
PATH: /usr/bin/
PATH: /bin/
PATH: /usr/local/sbin/
PATH: /var/lib/flatpak/exports/bin/
PATH: /usr/bin/site_perl/
PATH: /usr/bin/vendor_perl/
PATH: /usr/bin/core_perl/


## ----------- ##
## Core tests. ##
## ----------- ##

configure:2989: looking for aux files: ltmain.sh compile missing install-sh config.guess config.sub
configure:3002:  trying ./
configure:3031:   ./ltmain.sh found
configure:3031:   ./compile found
configure:3031:   ./missing found
configure:3013:   ./install-sh found
configure:3031:   ./config.guess found
configure:3031:   ./config.sub found
configure:3176: checking build system type
configure:3192: result: x86_64-pc-linux-android
configure:3212: checking host system type
configure:3227: result: aarch64-unknown-linux-android
configure:3247: checking target system type
configure:3262: result: aarch64-unknown-linux-android
configure:3362: checking for gsed
configure:3399: result: sed
configure:3428: checking for a BSD-compatible install
configure:3502: result: /usr/bin/install -c
configure:3513: checking whether sleep supports fractional seconds
configure:3529: result: yes
configure:3532: checking filesystem timestamp resolution
configure:3667: result: 0.01
configure:3672: checking whether build environment is sane
configure:3717: result: yes
configure:3779: checking for aarch64-linux-android-strip
configure:3812: result: /home/said/.buildozer/android/platform/android-ndk-r28c/toolchains/llvm/prebuilt/linux-x86_64/bin/llvm-strip --strip-unneeded
configure:3884: checking for a race-free mkdir -p
configure:3927: result: /usr/bin/mkdir -p
configure:3934: checking for gawk
configure:3955: found /usr/bin/gawk
configure:3967: result: gawk
configure:3978: checking whether make -j12 sets $(MAKE)
configure:4002: result: yes
configure:4028: checking whether make -j12 supports nested variables
configure:4047: result: yes
configure:4061: checking xargs -n works
configure:4077: result: yes
configure:4162: checking whether UID '1000' is supported by ustar format
configure:4168: result: yes
configure:4175: checking whether GID '1000' is supported by ustar format
configure:4181: result: yes
configure:4189: checking how to create a ustar tar archive
configure:4200: tar --version
tar (GNU tar) 1.35
Copyright (C) 2023 Free Software Foundation, Inc.
License GPLv3+: GNU GPL version 3 or later <https://gnu.org/licenses/gpl.html>.
This is free software: you are free to change and redistribute it.
There is NO WARRANTY, to the extent permitted by law.

Written by John Gilmore and Jay Fenlason.
configure:4203: $? = 0
configure:4243: tardir=conftest.dir && eval tar --format=ustar -chf - "$tardir" >conftest.tar
configure:4246: $? = 0
configure:4250: tar -xf - <conftest.tar
configure:4253: $? = 0
configure:4255: cat conftest.dir/file
GrepMe
configure:4258: $? = 0
configure:4273: result: gnutar
configure:4330: checking for aarch64-linux-android-gcc
configure:4363: result: /home/said/.buildozer/android/platform/android-ndk-r28c/toolchains/llvm/prebuilt/linux-x86_64/bin/clang -target aarch64-linux-android24 -fomit-frame-pointer -march=armv8-a -fPIC
configure:4768: checking for C compiler version
configure:4777: /home/said/.buildozer/android/platform/android-ndk-r28c/toolchains/llvm/prebuilt/linux-x86_64/bin/clang -target aarch64-linux-android24 -fomit-frame-pointer -march=armv8-a -fPIC --version >&5
Android (13624864, +pgo, +bolt, +lto, +mlgo, based on r530567e) clang version 19.0.1 (https://android.googlesource.com/toolchain/llvm-project 97a699bf4812a18fb657c2779f5296a4ab2694d2)
Target: aarch64-unknown-linux-android24
Thread model: posix
InstalledDir: /home/said/.buildozer/android/platform/android-ndk-r28c/toolchains/llvm/prebuilt/linux-x86_64/bin
configure:4788: $? = 0
configure:4777: /home/said/.buildozer/android/platform/android-ndk-r28c/toolchains/llvm/prebuilt/linux-x86_64/bin/clang -target aarch64-linux-android24 -fomit-frame-pointer -march=armv8-a -fPIC -v >&5
Android (13624864, +pgo, +bolt, +lto, +mlgo, based on r530567e) clang version 19.0.1 (https://android.googlesource.com/toolchain/llvm-project 97a699bf4812a18fb657c2779f5296a4ab2694d2)
Target: aarch64-unknown-linux-android24
Thread model: posix
InstalledDir: /home/said/.buildozer/android/platform/android-ndk-r28c/toolchains/llvm/prebuilt/linux-x86_64/bin
clang: warning: argument unused during compilation: '-fomit-frame-pointer' [-Wunused-command-line-argument]
clang: warning: argument unused during compilation: '-march=armv8-a' [-Wunused-command-line-argument]
clang: warning: argument unused during compilation: '-fPIC' [-Wunused-command-line-argument]
configure:4788: $? = 0
configure:4777: /home/said/.buildozer/android/platform/android-ndk-r28c/toolchains/llvm/prebuilt/linux-x86_64/bin/clang -target aarch64-linux-android24 -fomit-frame-pointer -march=armv8-a -fPIC -V >&5
clang: error: argument to '-V' is missing (expected 1 value)
clang: error: no input files
configure:4788: $? = 1
configure:4777: /home/said/.buildozer/android/platform/android-ndk-r28c/toolchains/llvm/prebuilt/linux-x86_64/bin/clang -target aarch64-linux-android24 -fomit-frame-pointer -march=armv8-a -fPIC -qversion >&5
clang: error: unknown argument '-qversion'; did you mean '--version'?
clang: error: no input files
configure:4788: $? = 1
configure:4777: /home/said/.buildozer/android/platform/android-ndk-r28c/toolchains/llvm/prebuilt/linux-x86_64/bin/clang -target aarch64-linux-android24 -fomit-frame-pointer -march=armv8-a -fPIC -version >&5
clang: error: unknown argument '-version'; did you mean '--version'?
clang: error: no input files
configure:4788: $? = 1
configure:4808: checking whether the C compiler works
configure:4830: /home/said/.buildozer/android/platform/android-ndk-r28c/toolchains/llvm/prebuilt/linux-x86_64/bin/clang -target aarch64-linux-android24 -fomit-frame-pointer -march=armv8-a -fPIC -target aarch64-linux-android24 -fomit-frame-pointer -march=armv8-a -fPIC -DANDROID -I/home/said/.buildozer/android/platform/android-ndk-r28c/toolchains/llvm/prebuilt/linux-x86_64/sysroot/usr/include -I/home/said/pygame/mygame/.buildozer/android/platform/build-arm64-v8a_armeabi-v7a/build/other_builds/python3/arm64-v8a__ndk_target_24/python3/android-build/android-root/include/python3.14   -L/home/said/pygame/mygame/.buildozer/android/platform/build-arm64-v8a_armeabi-v7a/build/libs_collections/innovationdino/arm64-v8a conftest.c  >&5
configure:4834: $? = 0
configure:4885: result: yes
configure:4889: checking for C compiler default output file name
configure:4891: result: a.out
configure:4897: checking for suffix of executables
configure:4904: /home/said/.buildozer/android/platform/android-ndk-r28c/toolchains/llvm/prebuilt/linux-x86_64/bin/clang -target aarch64-linux-android24 -fomit-frame-pointer -march=armv8-a -fPIC -o conftest -target aarch64-linux-android24 -fomit-frame-pointer -march=armv8-a -fPIC -DANDROID -I/home/said/.buildozer/android/platform/android-ndk-r28c/toolchains/llvm/prebuilt/linux-x86_64/sysroot/usr/include -I/home/said/pygame/mygame/.buildozer/android/platform/build-arm64-v8a_armeabi-v7a/build/other_builds/python3/arm64-v8a__ndk_target_24/python3/android-build/android-root/include/python3.14   -L/home/said/pygame/mygame/.buildozer/android/platform/build-arm64-v8a_armeabi-v7a/build/libs_collections/innovationdino/arm64-v8a conftest.c  >&5
configure:4908: $? = 0
configure:4932: result: 
configure:4956: checking whether we are cross compiling
configure:4964: /home/said/.buildozer/android/platform/android-ndk-r28c/toolchains/llvm/prebuilt/linux-x86_64/bin/clang -target aarch64-linux-android24 -fomit-frame-pointer -march=armv8-a -fPIC -o conftest -target aarch64-linux-android24 -fomit-frame-pointer -march=armv8-a -fPIC -DANDROID -I/home/said/.buildozer/android/platform/android-ndk-r28c/toolchains/llvm/prebuilt/linux-x86_64/sysroot/usr/include -I/home/said/pygame/mygame/.buildozer/android/platform/build-arm64-v8a_armeabi-v7a/build/other_builds/python3/arm64-v8a__ndk_target_24/python3/android-build/android-root/include/python3.14   -L/home/said/pygame/mygame/.buildozer/android/platform/build-arm64-v8a_armeabi-v7a/build/libs_collections/innovationdino/arm64-v8a conftest.c  >&5
configure:4968: $? = 0
configure:4975: ./conftest
/home/said/pygame/mygame/.buildozer/android/platform/build-arm64-v8a_armeabi-v7a/build/other_builds/libffi/arm64-v8a__ndk_target_24/libffi/configure: line 4977: ./conftest: cannot execute binary file: Exec format error
configure:4979: $? = 126
configure:4994: result: yes
configure:5000: checking for suffix of object files
configure:5023: /home/said/.buildozer/android/platform/android-ndk-r28c/toolchains/llvm/prebuilt/linux-x86_64/bin/clang -target aarch64-linux-android24 -fomit-frame-pointer -march=armv8-a -fPIC -c -target aarch64-linux-android24 -fomit-frame-pointer -march=armv8-a -fPIC -DANDROID -I/home/said/.buildozer/android/platform/android-ndk-r28c/toolchains/llvm/prebuilt/linux-x86_64/sysroot/usr/include -I/home/said/pygame/mygame/.buildozer/android/platform/build-arm64-v8a_armeabi-v7a/build/other_builds/python3/arm64-v8a__ndk_target_24/python3/android-build/android-root/include/python3.14 conftest.c >&5
configure:5027: $? = 0
configure:5051: result: o
configure:5055: checking whether the compiler supports GNU C
configure:5075: /home/said/.buildozer/android/platform/android-ndk-r28c/toolchains/llvm/prebuilt/linux-x86_64/bin/clang -target aarch64-linux-android24 -fomit-frame-pointer -march=armv8-a -fPIC -c -target aarch64-linux-android24 -fomit-frame-pointer -march=armv8-a -fPIC -DANDROID -I/home/said/.buildozer/android/platform/android-ndk-r28c/toolchains/llvm/prebuilt/linux-x86_64/sysroot/usr/include -I/home/said/pygame/mygame/.buildozer/android/platform/build-arm64-v8a_armeabi-v7a/build/other_builds/python3/arm64-v8a__ndk_target_24/python3/android-build/android-root/include/python3.14 conftest.c >&5
configure:5075: $? = 0
configure:5087: result: yes
configure:5098: checking whether /home/said/.buildozer/android/platform/android-ndk-r28c/toolchains/llvm/prebuilt/linux-x86_64/bin/clang -target aarch64-linux-android24 -fomit-frame-pointer -march=armv8-a -fPIC accepts -g
configure:5119: /home/said/.buildozer/android/platform/android-ndk-r28c/toolchains/llvm/prebuilt/linux-x86_64/bin/clang -target aarch64-linux-android24 -fomit-frame-pointer -march=armv8-a -fPIC -c -g -DANDROID -I/home/said/.buildozer/android/platform/android-ndk-r28c/toolchains/llvm/prebuilt/linux-x86_64/sysroot/usr/include -I/home/said/pygame/mygame/.buildozer/android/platform/build-arm64-v8a_armeabi-v7a/build/other_builds/python3/arm64-v8a__ndk_target_24/python3/android-build/android-root/include/python3.14 conftest.c >&5
configure:5119: $? = 0
configure:5166: result: yes
configure:5186: checking for /home/said/.buildozer/android/platform/android-ndk-r28c/toolchains/llvm/prebuilt/linux-x86_64/bin/clang -target aarch64-linux-android24 -fomit-frame-pointer -march=armv8-a -fPIC option to enable C23 features
configure:5201: /home/said/.buildozer/android/platform/android-ndk-r28c/toolchains/llvm/prebuilt/linux-x86_64/bin/clang -target aarch64-linux-android24 -fomit-frame-pointer -march=armv8-a -fPIC  -c -target aarch64-linux-android24 -fomit-frame-pointer -march=armv8-a -fPIC -DANDROID -I/home/said/.buildozer/android/platform/android-ndk-r28c/toolchains/llvm/prebuilt/linux-x86_64/sysroot/usr/include -I/home/said/pygame/mygame/.buildozer/android/platform/build-arm64-v8a_armeabi-v7a/build/other_builds/python3/arm64-v8a__ndk_target_24/python3/android-build/android-root/include/python3.14 conftest.c >&5
conftest.c:16:3: error: "Compiler advertises conformance to C17 or earlier"
   16 | # error "Compiler advertises conformance to C17 or earlier"
      |   ^
conftest.c:20:23: error: expected function body after function declarator
   20 | char alignas (double) c23_aligned_as_double;
      |                       ^
conftest.c:21:15: error: expected parameter declarator
   21 | char alignas (0) c23_no_special_alignment;
      |               ^
conftest.c:21:15: error: expected ')'
conftest.c:21:14: note: to match this '('
   21 | char alignas (0) c23_no_special_alignment;
      |              ^
conftest.c:21:18: error: expected function body after function declarator
   21 | char alignas (0) c23_no_special_alignment;
      |                  ^
conftest.c:23:15: error: expected parameter declarator
   23 | char alignas (0) alignas (int) c23_aligned_as_int;
      |               ^
conftest.c:23:15: error: expected ')'
conftest.c:23:14: note: to match this '('
   23 | char alignas (0) alignas (int) c23_aligned_as_int;
      |              ^
conftest.c:23:18: error: expected function body after function declarator
   23 | char alignas (0) alignas (int) c23_aligned_as_int;
      |                  ^
conftest.c:28:23: error: call to undeclared function 'alignof'; ISO C99 and later do not support implicit function declarations [-Wimplicit-function-declaration]
   28 |   c23_int_alignment = alignof (int),
      |                       ^
conftest.c:28:32: error: expected expression
   28 |   c23_int_alignment = alignof (int),
      |                                ^
conftest.c:29:38: error: expected expression
   29 |   c23_int_array_alignment = alignof (int[100]),
      |                                      ^
conftest.c:30:33: error: expected expression
   30 |   c23_char_alignment = alignof (char)
      |                                 ^
conftest.c:32:16: error: expected parameter declarator
   32 | static_assert (0 < -alignof (int), "alignof is signed");
      |                ^
conftest.c:32:16: error: expected ')'
conftest.c:32:15: note: to match this '('
   32 | static_assert (0 < -alignof (int), "alignof is signed");
      |               ^
conftest.c:32:1: error: type specifier missing, defaults to 'int'; ISO C99 and later do not support implicit int [-Wimplicit-int]
   32 | static_assert (0 < -alignof (int), "alignof is signed");
      | ^
      | int
conftest.c:34:41: warning: omitting the parameter name in a function definition is a C23 extension [-Wc23-extensions]
   34 | int function_with_unnamed_parameter (int) { return 0; }
      |                                         ^
conftest.c:40:1: error: unknown type name 'bool'
   40 | bool use_u8 = (!sizeof u8"\xFF") == (!u8'x');
      | ^
conftest.c:40:39: error: use of undeclared identifier 'u8'
   40 | bool use_u8 = (!sizeof u8"\xFF") == (!u8'x');
      |                                       ^
conftest.c:42:1: error: unknown type name 'bool'
   42 | bool check_that_bool_works = true | false | !nullptr;
      | ^
conftest.c:42:30: error: use of undeclared identifier 'true'
   42 | bool check_that_bool_works = true | false | !nullptr;
      |                              ^
fatal error: too many errors emitted, stopping now [-ferror-limit=]
1 warning and 20 errors generated.
configure:5201: $? = 1
configure: failed program was:
| /* confdefs.h */
| #define PACKAGE_NAME "libffi"
| #define PACKAGE_TARNAME "libffi"
| #define PACKAGE_VERSION "3.4.2"
| #define PACKAGE_STRING "libffi 3.4.2"
| #define PACKAGE_BUGREPORT "http://github.com/libffi/libffi/issues"
| #define PACKAGE_URL ""
| #define PACKAGE "libffi"
| #define VERSION "3.4.2"
| /* end confdefs.h.  */
| 
| /* Does the compiler advertise conformance to C17 or earlier?
|    Although GCC 14 does not do that, even with -std=gnu23,
|    it is close enough, and defines __STDC_VERSION == 202000L.  */
| #if !defined __STDC_VERSION__ || __STDC_VERSION__ <= 201710L
| # error "Compiler advertises conformance to C17 or earlier"
| #endif
| 
| // Check alignas.
| char alignas (double) c23_aligned_as_double;
| char alignas (0) c23_no_special_alignment;
| extern char c23_aligned_as_int;
| char alignas (0) alignas (int) c23_aligned_as_int;
| 
| // Check alignof.
| enum
| {
|   c23_int_alignment = alignof (int),
|   c23_int_array_alignment = alignof (int[100]),
|   c23_char_alignment = alignof (char)
| };
| static_assert (0 < -alignof (int), "alignof is signed");
| 
| int function_with_unnamed_parameter (int) { return 0; }
| 
| void c23_noreturn ();
| 
| /* Test parsing of string and char UTF-8 literals (including hex escapes).
|    The parens pacify GCC 15.  */
| bool use_u8 = (!sizeof u8"\xFF") == (!u8'x');
| 
| bool check_that_bool_works = true | false | !nullptr;
| #if !true
| # error "true does not work in #if"
| #endif
| #if false
| #elifdef __STDC_VERSION__
| #else
| # error "#elifdef does not work"
| #endif
| 
| #ifndef __has_c_attribute
| # error "__has_c_attribute not defined"
| #endif
| 
| #ifndef __has_include
| # error "__has_include not defined"
| #endif
| 
| #define LPAREN() (
| #define FORTY_TWO(x) 42
| #define VA_OPT_TEST(r, x, ...) __VA_OPT__ (FORTY_TWO r x))
| static_assert (VA_OPT_TEST (LPAREN (), 0, <:-) == 42);
| 
| static_assert (0b101010 == 42);
| static_assert (0B101010 == 42);
| static_assert (0xDEAD'BEEF == 3'735'928'559);
| static_assert (0.500'000'000 == 0.5);
| 
| enum unsignedish : unsigned int { uione = 1 };
| static_assert (0 < -uione);
| 
| #include <stddef.h>
| constexpr nullptr_t null_pointer = nullptr;
| 
| static typeof (1 + 1L) two () { return 2; }
| static long int three () { return 3; }
| 
| 
| int
| main (int, char **)
| {
|   int ok = 0;
|   
|   {
|     label_before_declaration:
|       int arr[10] = {};
|       if (arr[0])
|         goto label_before_declaration;
|       if (!arr[0])
|         goto label_at_end_of_block;
|     label_at_end_of_block:
|   }
|   ok |= !null_pointer;
|   ok |= two != three;
| 
|   return ok;
| }
| 
configure:5201: /home/said/.buildozer/android/platform/android-ndk-r28c/toolchains/llvm/prebuilt/linux-x86_64/bin/clang -target aarch64-linux-android24 -fomit-frame-pointer -march=armv8-a -fPIC -std=gnu23 -c -target aarch64-linux-android24 -fomit-frame-pointer -march=armv8-a -fPIC -DANDROID -I/home/said/.buildozer/android/platform/android-ndk-r28c/toolchains/llvm/prebuilt/linux-x86_64/sysroot/usr/include -I/home/said/pygame/mygame/.buildozer/android/platform/build-arm64-v8a_armeabi-v7a/build/other_builds/python3/arm64-v8a__ndk_target_24/python3/android-build/android-root/include/python3.14 conftest.c >&5
conftest.c:42:46: warning: implicit conversion of nullptr constant to 'bool' [-Wnull-conversion]
   42 | bool check_that_bool_works = true | false | !nullptr;
      |                                             ~^~~~~~~
      |                                              0
conftest.c:94:10: warning: implicit conversion of nullptr constant to 'bool' [-Wnull-conversion]
   94 |   ok |= !null_pointer;
      |         ~^~~~~~~~~~~~
      |          0
2 warnings generated.
configure:5201: $? = 0
configure:5223: result: -std=gnu23
configure:5393: checking whether /home/said/.buildozer/android/platform/android-ndk-r28c/toolchains/llvm/prebuilt/linux-x86_64/bin/clang -target aarch64-linux-android24 -fomit-frame-pointer -march=armv8-a -fPIC -std=gnu23 understands -c and -o together
configure:5416: /home/said/.buildozer/android/platform/android-ndk-r28c/toolchains/llvm/prebuilt/linux-x86_64/bin/clang -target aarch64-linux-android24 -fomit-frame-pointer -march=armv8-a -fPIC -std=gnu23 -c conftest.c -o conftest2.o
configure:5419: $? = 0
configure:5416: /home/said/.buildozer/android/platform/android-ndk-r28c/toolchains/llvm/prebuilt/linux-x86_64/bin/clang -target aarch64-linux-android24 -fomit-frame-pointer -march=armv8-a -fPIC -std=gnu23 -c conftest.c -o conftest2.o
configure:5419: $? = 0
configure:5435: result: yes
configure:5455: checking whether make -j12 supports the include directive
configure:5470: make -j12 -f confmf.GNU && cat confinc.out
this is the am__doit target
configure:5473: $? = 0
configure:5492: result: yes (GNU style)
configure:5518: checking dependency style of /home/said/.buildozer/android/platform/android-ndk-r28c/toolchains/llvm/prebuilt/linux-x86_64/bin/clang -target aarch64-linux-android24 -fomit-frame-pointer -march=armv8-a -fPIC -std=gnu23
configure:5631: result: gcc3
configure:5770: checking for C++ compiler version
configure:5779: /home/said/.buildozer/android/platform/android-ndk-r28c/toolchains/llvm/prebuilt/linux-x86_64/bin/clang++ -target aarch64-linux-android24 -fomit-frame-pointer -march=armv8-a -fPIC --version >&5
Android (13624864, +pgo, +bolt, +lto, +mlgo, based on r530567e) clang version 19.0.1 (https://android.googlesource.com/toolchain/llvm-project 97a699bf4812a18fb657c2779f5296a4ab2694d2)
Target: aarch64-unknown-linux-android24
Thread model: posix
InstalledDir: /home/said/.buildozer/android/platform/android-ndk-r28c/toolchains/llvm/prebuilt/linux-x86_64/bin
configure:5790: $? = 0
configure:5779: /home/said/.buildozer/android/platform/android-ndk-r28c/toolchains/llvm/prebuilt/linux-x86_64/bin/clang++ -target aarch64-linux-android24 -fomit-frame-pointer -march=armv8-a -fPIC -v >&5
Android (13624864, +pgo, +bolt, +lto, +mlgo, based on r530567e) clang version 19.0.1 (https://android.googlesource.com/toolchain/llvm-project 97a699bf4812a18fb657c2779f5296a4ab2694d2)
Target: aarch64-unknown-linux-android24
Thread model: posix
InstalledDir: /home/said/.buildozer/android/platform/android-ndk-r28c/toolchains/llvm/prebuilt/linux-x86_64/bin
clang++: warning: argument unused during compilation: '-fomit-frame-pointer' [-Wunused-command-line-argument]
clang++: warning: argument unused during compilation: '-march=armv8-a' [-Wunused-command-line-argument]
clang++: warning: argument unused during compilation: '-fPIC' [-Wunused-command-line-argument]
configure:5790: $? = 0
configure:5779: /home/said/.buildozer/android/platform/android-ndk-r28c/toolchains/llvm/prebuilt/linux-x86_64/bin/clang++ -target aarch64-linux-android24 -fomit-frame-pointer -march=armv8-a -fPIC -V >&5
clang++: error: argument to '-V' is missing (expected 1 value)
clang++: error: no input files
configure:5790: $? = 1
configure:5779: /home/said/.buildozer/android/platform/android-ndk-r28c/toolchains/llvm/prebuilt/linux-x86_64/bin/clang++ -target aarch64-linux-android24 -fomit-frame-pointer -march=armv8-a -fPIC -qversion >&5
clang++: error: unknown argument '-qversion'; did you mean '--version'?
clang++: error: no input files
configure:5790: $? = 1
configure:5794: checking whether the compiler supports GNU C++
configure:5814: /home/said/.buildozer/android/platform/android-ndk-r28c/toolchains/llvm/prebuilt/linux-x86_64/bin/clang++ -target aarch64-linux-android24 -fomit-frame-pointer -march=armv8-a -fPIC -c -target aarch64-linux-android24 -fomit-frame-pointer -march=armv8-a -fPIC -DANDROID -I/home/said/.buildozer/android/platform/android-ndk-r28c/toolchains/llvm/prebuilt/linux-x86_64/sysroot/usr/include -I/home/said/pygame/mygame/.buildozer/android/platform/build-arm64-v8a_armeabi-v7a/build/other_builds/python3/arm64-v8a__ndk_target_24/python3/android-build/android-root/include/python3.14 conftest.cpp >&5
configure:5814: $? = 0
configure:5826: result: yes
configure:5837: checking whether /home/said/.buildozer/android/platform/android-ndk-r28c/toolchains/llvm/prebuilt/linux-x86_64/bin/clang++ -target aarch64-linux-android24 -fomit-frame-pointer -march=armv8-a -fPIC accepts -g
configure:5858: /home/said/.buildozer/android/platform/android-ndk-r28c/toolchains/llvm/prebuilt/linux-x86_64/bin/clang++ -target aarch64-linux-android24 -fomit-frame-pointer -march=armv8-a -fPIC -c -g -DANDROID -I/home/said/.buildozer/android/platform/android-ndk-r28c/toolchains/llvm/prebuilt/linux-x86_64/sysroot/usr/include -I/home/said/pygame/mygame/.buildozer/android/platform/build-arm64-v8a_armeabi-v7a/build/other_builds/python3/arm64-v8a__ndk_target_24/python3/android-build/android-root/include/python3.14 conftest.cpp >&5
configure:5858: $? = 0
configure:5905: result: yes
configure:5930: checking dependency style of /home/said/.buildozer/android/platform/android-ndk-r28c/toolchains/llvm/prebuilt/linux-x86_64/bin/clang++ -target aarch64-linux-android24 -fomit-frame-pointer -march=armv8-a -fPIC
configure:6043: result: gcc3
configure:6073: checking dependency style of /home/said/.buildozer/android/platform/android-ndk-r28c/toolchains/llvm/prebuilt/linux-x86_64/bin/clang -target aarch64-linux-android24 -fomit-frame-pointer -march=armv8-a -fPIC -std=gnu23
configure:6184: result: gcc3
configure:6247: checking how to print strings
configure:6274: result: printf
configure:6295: checking for a sed that does not truncate output
configure:6367: result: /usr/bin/sed
configure:6385: checking for grep that handles long lines and -e
configure:6451: result: /usr/bin/grep
configure:6456: checking for egrep
configure:6526: result: /usr/bin/grep -E
configure:6533: checking for fgrep
configure:6603: result: /usr/bin/grep -F
configure:6640: checking for ld used by /home/said/.buildozer/android/platform/android-ndk-r28c/toolchains/llvm/prebuilt/linux-x86_64/bin/clang -target aarch64-linux-android24 -fomit-frame-pointer -march=armv8-a -fPIC -std=gnu23
configure:6709: result: /home/said/.buildozer/android/platform/android-ndk-r28c/toolchains/llvm/prebuilt/linux-x86_64/bin/ld
configure:6716: checking if the linker (/home/said/.buildozer/android/platform/android-ndk-r28c/toolchains/llvm/prebuilt/linux-x86_64/bin/ld) is GNU ld
configure:6733: result: yes
configure:6745: checking for BSD- or MS-compatible name lister (nm)
configure:6801: result: no
configure:6815: checking for aarch64-linux-android-dumpbin
configure:6851: result: no
configure:6815: checking for aarch64-linux-android-link
configure:6851: result: no
configure:6865: checking for dumpbin
configure:6901: result: no
configure:6865: checking for link
configure:6886: found /usr/bin/link
configure:6898: result: link -dump
configure:6914: WARNING: using cross tools not prefixed with host triplet
configure:6943: checking the name lister (nm) interface
configure:6951: /home/said/.buildozer/android/platform/android-ndk-r28c/toolchains/llvm/prebuilt/linux-x86_64/bin/clang -target aarch64-linux-android24 -fomit-frame-pointer -march=armv8-a -fPIC -std=gnu23 -c -target aarch64-linux-android24 -fomit-frame-pointer -march=armv8-a -fPIC -DANDROID -I/home/said/.buildozer/android/platform/android-ndk-r28c/toolchains/llvm/prebuilt/linux-x86_64/sysroot/usr/include -I/home/said/pygame/mygame/.buildozer/android/platform/build-arm64-v8a_armeabi-v7a/build/other_builds/python3/arm64-v8a__ndk_target_24/python3/android-build/android-root/include/python3.14 conftest.c >&5
configure:6954: nm "conftest.o"
configure:6957: output
0000000000000000 b $d.0
0000000000000000 n $d.1
0000000000000000 B some_variable
configure:6965: result: BSD nm
configure:6968: checking whether ln -s works
configure:6972: result: yes
configure:6980: checking the maximum length of command line arguments
configure:7113: result: 1572864
configure:7161: checking how to convert x86_64-pc-linux-android file names to aarch64-unknown-linux-android format
configure:7203: result: func_convert_file_noop
configure:7210: checking how to convert x86_64-pc-linux-android file names to toolchain format
configure:7232: result: func_convert_file_noop
configure:7310: checking for /home/said/.buildozer/android/platform/android-ndk-r28c/toolchains/llvm/prebuilt/linux-x86_64/bin/ld option to reload object files
configure:7319: result: -r
configure:7352: checking for file
configure:7373: found /usr/bin/file
configure:7386: result: file
configure:7403: checking for aarch64-linux-android-objdump
configure:7439: result: no
configure:7449: checking for objdump
configure:7470: found /usr/bin/objdump
configure:7482: result: objdump
configure:7514: checking how to recognize dependent libraries
configure:7723: result: pass_all
configure:7768: checking for aarch64-linux-android-dlltool
configure:7804: result: no
configure:7814: checking for dlltool
configure:7850: result: no
configure:7880: checking how to associate runtime and link libraries
configure:7909: result: printf %s\n
configure:7924: checking for aarch64-linux-android-ranlib
configure:7957: result: /home/said/.buildozer/android/platform/android-ndk-r28c/toolchains/llvm/prebuilt/linux-x86_64/bin/llvm-ranlib
configure:8030: checking for aarch64-linux-android-ar
configure:8063: result: /home/said/.buildozer/android/platform/android-ndk-r28c/toolchains/llvm/prebuilt/linux-x86_64/bin/llvm-ar
configure:8166: checking for archiver @FILE support
configure:8184: /home/said/.buildozer/android/platform/android-ndk-r28c/toolchains/llvm/prebuilt/linux-x86_64/bin/clang -target aarch64-linux-android24 -fomit-frame-pointer -march=armv8-a -fPIC -std=gnu23 -c -target aarch64-linux-android24 -fomit-frame-pointer -march=armv8-a -fPIC -DANDROID -I/home/said/.buildozer/android/platform/android-ndk-r28c/toolchains/llvm/prebuilt/linux-x86_64/sysroot/usr/include -I/home/said/pygame/mygame/.buildozer/android/platform/build-arm64-v8a_armeabi-v7a/build/other_builds/python3/arm64-v8a__ndk_target_24/python3/android-build/android-root/include/python3.14 conftest.c >&5
configure:8184: $? = 0
configure:8188: /home/said/.buildozer/android/platform/android-ndk-r28c/toolchains/llvm/prebuilt/linux-x86_64/bin/llvm-ar cr libconftest.a @conftest.lst >&5
configure:8191: $? = 0
configure:8196: /home/said/.buildozer/android/platform/android-ndk-r28c/toolchains/llvm/prebuilt/linux-x86_64/bin/llvm-ar cr libconftest.a @conftest.lst >&5
/home/said/.buildozer/android/platform/android-ndk-r28c/toolchains/llvm/prebuilt/linux-x86_64/bin/llvm-ar: error: conftest.o: No such file or directory
configure:8199: $? = 1
configure:8212: result: @
configure:8230: checking for aarch64-linux-android-strip
configure:8263: result: /home/said/.buildozer/android/platform/android-ndk-r28c/toolchains/llvm/prebuilt/linux-x86_64/bin/llvm-strip --strip-unneeded
configure:8412: checking command to parse nm output from /home/said/.buildozer/android/platform/android-ndk-r28c/toolchains/llvm/prebuilt/linux-x86_64/bin/clang -target aarch64-linux-android24 -fomit-frame-pointer -march=armv8-a -fPIC -std=gnu23 object
configure:8568: /home/said/.buildozer/android/platform/android-ndk-r28c/toolchains/llvm/prebuilt/linux-x86_64/bin/clang -target aarch64-linux-android24 -fomit-frame-pointer -march=armv8-a -fPIC -std=gnu23 -c -target aarch64-linux-android24 -fomit-frame-pointer -march=armv8-a -fPIC -DANDROID -I/home/said/.buildozer/android/platform/android-ndk-r28c/toolchains/llvm/prebuilt/linux-x86_64/sysroot/usr/include -I/home/said/pygame/mygame/.buildozer/android/platform/build-arm64-v8a_armeabi-v7a/build/other_builds/python3/arm64-v8a__ndk_target_24/python3/android-build/android-root/include/python3.14 conftest.c >&5
configure:8571: $? = 0
configure:8575: nm conftest.o | /usr/bin/sed -n -e 's/^.*[	 ]\([ABCDGIRSTW][ABCDGIRSTW]*\)[	 ][	 ]*\([_A-Za-z][_A-Za-z0-9]*\)$/\1 \2 \2/p' | /usr/bin/sed '/ __gnu_lto/d' > conftest.nm
configure:8641: /home/said/.buildozer/android/platform/android-ndk-r28c/toolchains/llvm/prebuilt/linux-x86_64/bin/clang -target aarch64-linux-android24 -fomit-frame-pointer -march=armv8-a -fPIC -std=gnu23 -o conftest -target aarch64-linux-android24 -fomit-frame-pointer -march=armv8-a -fPIC -DANDROID -I/home/said/.buildozer/android/platform/android-ndk-r28c/toolchains/llvm/prebuilt/linux-x86_64/sysroot/usr/include -I/home/said/pygame/mygame/.buildozer/android/platform/build-arm64-v8a_armeabi-v7a/build/other_builds/python3/arm64-v8a__ndk_target_24/python3/android-build/android-root/include/python3.14   -L/home/said/pygame/mygame/.buildozer/android/platform/build-arm64-v8a_armeabi-v7a/build/libs_collections/innovationdino/arm64-v8a conftest.c conftstm.o >&5
configure:8644: $? = 0
configure:8683: result: ok
configure:8730: checking for sysroot
configure:8764: result: no
configure:8771: checking for a working dd
configure:8816: result: /usr/bin/dd
configure:8820: checking how to truncate binary pipes
configure:8837: result: /usr/bin/dd bs=4096 count=1
configure:9131: checking for aarch64-linux-android-mt
configure:9167: result: no
configure:9177: checking for mt
configure:9213: result: no
configure:9233: checking if : is a manifest tool
configure:9240: : '-?'
configure:9249: result: no
configure:10046: checking for stdio.h
configure:10046: /home/said/.buildozer/android/platform/android-ndk-r28c/toolchains/llvm/prebuilt/linux-x86_64/bin/clang -target aarch64-linux-android24 -fomit-frame-pointer -march=armv8-a -fPIC -std=gnu23 -c -target aarch64-linux-android24 -fomit-frame-pointer -march=armv8-a -fPIC -DANDROID -I/home/said/.buildozer/android/platform/android-ndk-r28c/toolchains/llvm/prebuilt/linux-x86_64/sysroot/usr/include -I/home/said/pygame/mygame/.buildozer/android/platform/build-arm64-v8a_armeabi-v7a/build/other_builds/python3/arm64-v8a__ndk_target_24/python3/android-build/android-root/include/python3.14 conftest.c >&5
configure:10046: $? = 0
configure:10046: result: yes
configure:10046: checking for stdlib.h
configure:10046: /home/said/.buildozer/android/platform/android-ndk-r28c/toolchains/llvm/prebuilt/linux-x86_64/bin/clang -target aarch64-linux-android24 -fomit-frame-pointer -march=armv8-a -fPIC -std=gnu23 -c -target aarch64-linux-android24 -fomit-frame-pointer -march=armv8-a -fPIC -DANDROID -I/home/said/.buildozer/android/platform/android-ndk-r28c/toolchains/llvm/prebuilt/linux-x86_64/sysroot/usr/include -I/home/said/pygame/mygame/.buildozer/android/platform/build-arm64-v8a_armeabi-v7a/build/other_builds/python3/arm64-v8a__ndk_target_24/python3/android-build/android-root/include/python3.14 conftest.c >&5
configure:10046: $? = 0
configure:10046: result: yes
configure:10046: checking for string.h
configure:10046: /home/said/.buildozer/android/platform/android-ndk-r28c/toolchains/llvm/prebuilt/linux-x86_64/bin/clang -target aarch64-linux-android24 -fomit-frame-pointer -march=armv8-a -fPIC -std=gnu23 -c -target aarch64-linux-android24 -fomit-frame-pointer -march=armv8-a -fPIC -DANDROID -I/home/said/.buildozer/android/platform/android-ndk-r28c/toolchains/llvm/prebuilt/linux-x86_64/sysroot/usr/include -I/home/said/pygame/mygame/.buildozer/android/platform/build-arm64-v8a_armeabi-v7a/build/other_builds/python3/arm64-v8a__ndk_target_24/python3/android-build/android-root/include/python3.14 conftest.c >&5
configure:10046: $? = 0
configure:10046: result: yes
configure:10046: checking for inttypes.h
configure:10046: /home/said/.buildozer/android/platform/android-ndk-r28c/toolchains/llvm/prebuilt/linux-x86_64/bin/clang -target aarch64-linux-android24 -fomit-frame-pointer -march=armv8-a -fPIC -std=gnu23 -c -target aarch64-linux-android24 -fomit-frame-pointer -march=armv8-a -fPIC -DANDROID -I/home/said/.buildozer/android/platform/android-ndk-r28c/toolchains/llvm/prebuilt/linux-x86_64/sysroot/usr/include -I/home/said/pygame/mygame/.buildozer/android/platform/build-arm64-v8a_armeabi-v7a/build/other_builds/python3/arm64-v8a__ndk_target_24/python3/android-build/android-root/include/python3.14 conftest.c >&5
configure:10046: $? = 0
configure:10046: result: yes
configure:10046: checking for stdint.h
configure:10046: /home/said/.buildozer/android/platform/android-ndk-r28c/toolchains/llvm/prebuilt/linux-x86_64/bin/clang -target aarch64-linux-android24 -fomit-frame-pointer -march=armv8-a -fPIC -std=gnu23 -c -target aarch64-linux-android24 -fomit-frame-pointer -march=armv8-a -fPIC -DANDROID -I/home/said/.buildozer/android/platform/android-ndk-r28c/toolchains/llvm/prebuilt/linux-x86_64/sysroot/usr/include -I/home/said/pygame/mygame/.buildozer/android/platform/build-arm64-v8a_armeabi-v7a/build/other_builds/python3/arm64-v8a__ndk_target_24/python3/android-build/android-root/include/python3.14 conftest.c >&5
configure:10046: $? = 0
configure:10046: result: yes
configure:10046: checking for strings.h
configure:10046: /home/said/.buildozer/android/platform/android-ndk-r28c/toolchains/llvm/prebuilt/linux-x86_64/bin/clang -target aarch64-linux-android24 -fomit-frame-pointer -march=armv8-a -fPIC -std=gnu23 -c -target aarch64-linux-android24 -fomit-frame-pointer -march=armv8-a -fPIC -DANDROID -I/home/said/.buildozer/android/platform/android-ndk-r28c/toolchains/llvm/prebuilt/linux-x86_64/sysroot/usr/include -I/home/said/pygame/mygame/.buildozer/android/platform/build-arm64-v8a_armeabi-v7a/build/other_builds/python3/arm64-v8a__ndk_target_24/python3/android-build/android-root/include/python3.14 conftest.c >&5
configure:10046: $? = 0
configure:10046: result: yes
configure:10046: checking for sys/stat.h
configure:10046: /home/said/.buildozer/android/platform/android-ndk-r28c/toolchains/llvm/prebuilt/linux-x86_64/bin/clang -target aarch64-linux-android24 -fomit-frame-pointer -march=armv8-a -fPIC -std=gnu23 -c -target aarch64-linux-android24 -fomit-frame-pointer -march=armv8-a -fPIC -DANDROID -I/home/said/.buildozer/android/platform/android-ndk-r28c/toolchains/llvm/prebuilt/linux-x86_64/sysroot/usr/include -I/home/said/pygame/mygame/.buildozer/android/platform/build-arm64-v8a_armeabi-v7a/build/other_builds/python3/arm64-v8a__ndk_target_24/python3/android-build/android-root/include/python3.14 conftest.c >&5
configure:10046: $? = 0
configure:10046: result: yes
configure:10046: checking for sys/types.h
configure:10046: /home/said/.buildozer/android/platform/android-ndk-r28c/toolchains/llvm/prebuilt/linux-x86_64/bin/clang -target aarch64-linux-android24 -fomit-frame-pointer -march=armv8-a -fPIC -std=gnu23 -c -target aarch64-linux-android24 -fomit-frame-pointer -march=armv8-a -fPIC -DANDROID -I/home/said/.buildozer/android/platform/android-ndk-r28c/toolchains/llvm/prebuilt/linux-x86_64/sysroot/usr/include -I/home/said/pygame/mygame/.buildozer/android/platform/build-arm64-v8a_armeabi-v7a/build/other_builds/python3/arm64-v8a__ndk_target_24/python3/android-build/android-root/include/python3.14 conftest.c >&5
configure:10046: $? = 0
configure:10046: result: yes
configure:10046: checking for unistd.h
configure:10046: /home/said/.buildozer/android/platform/android-ndk-r28c/toolchains/llvm/prebuilt/linux-x86_64/bin/clang -target aarch64-linux-android24 -fomit-frame-pointer -march=armv8-a -fPIC -std=gnu23 -c -target aarch64-linux-android24 -fomit-frame-pointer -march=armv8-a -fPIC -DANDROID -I/home/said/.buildozer/android/platform/android-ndk-r28c/toolchains/llvm/prebuilt/linux-x86_64/sysroot/usr/include -I/home/said/pygame/mygame/.buildozer/android/platform/build-arm64-v8a_armeabi-v7a/build/other_builds/python3/arm64-v8a__ndk_target_24/python3/android-build/android-root/include/python3.14 conftest.c >&5
configure:10046: $? = 0
configure:10046: result: yes
configure:10071: checking for dlfcn.h
configure:10071: /home/said/.buildozer/android/platform/android-ndk-r28c/toolchains/llvm/prebuilt/linux-x86_64/bin/clang -target aarch64-linux-android24 -fomit-frame-pointer -march=armv8-a -fPIC -std=gnu23 -c -target aarch64-linux-android24 -fomit-frame-pointer -march=armv8-a -fPIC -DANDROID -I/home/said/.buildozer/android/platform/android-ndk-r28c/toolchains/llvm/prebuilt/linux-x86_64/sysroot/usr/include -I/home/said/pygame/mygame/.buildozer/android/platform/build-arm64-v8a_armeabi-v7a/build/other_builds/python3/arm64-v8a__ndk_target_24/python3/android-build/android-root/include/python3.14 conftest.c >&5
configure:10071: $? = 0
configure:10071: result: yes
configure:10368: checking which variant of shared library versioning to provide
configure:10371: result: (default) aix
configure:10439: checking for objdir
configure:10456: result: .libs
configure:10722: checking if /home/said/.buildozer/android/platform/android-ndk-r28c/toolchains/llvm/prebuilt/linux-x86_64/bin/clang -target aarch64-linux-android24 -fomit-frame-pointer -march=armv8-a -fPIC -std=gnu23 supports -fno-rtti -fno-exceptions
configure:10741: /home/said/.buildozer/android/platform/android-ndk-r28c/toolchains/llvm/prebuilt/linux-x86_64/bin/clang -target aarch64-linux-android24 -fomit-frame-pointer -march=armv8-a -fPIC -std=gnu23 -c -target aarch64-linux-android24 -fomit-frame-pointer -march=armv8-a -fPIC -DANDROID -I/home/said/.buildozer/android/platform/android-ndk-r28c/toolchains/llvm/prebuilt/linux-x86_64/sysroot/usr/include -I/home/said/pygame/mygame/.buildozer/android/platform/build-arm64-v8a_armeabi-v7a/build/other_builds/python3/arm64-v8a__ndk_target_24/python3/android-build/android-root/include/python3.14 -fno-rtti -fno-exceptions conftest.c >&5
configure:10745: $? = 0
configure:10759: result: yes
configure:11138: checking for /home/said/.buildozer/android/platform/android-ndk-r28c/toolchains/llvm/prebuilt/linux-x86_64/bin/clang -target aarch64-linux-android24 -fomit-frame-pointer -march=armv8-a -fPIC -std=gnu23 option to produce PIC
configure:11147: result: -fPIC -DPIC
configure:11155: checking if /home/said/.buildozer/android/platform/android-ndk-r28c/toolchains/llvm/prebuilt/linux-x86_64/bin/clang -target aarch64-linux-android24 -fomit-frame-pointer -march=armv8-a -fPIC -std=gnu23 PIC flag -fPIC -DPIC works
configure:11174: /home/said/.buildozer/android/platform/android-ndk-r28c/toolchains/llvm/prebuilt/linux-x86_64/bin/clang -target aarch64-linux-android24 -fomit-frame-pointer -march=armv8-a -fPIC -std=gnu23 -c -target aarch64-linux-android24 -fomit-frame-pointer -march=armv8-a -fPIC -DANDROID -I/home/said/.buildozer/android/platform/android-ndk-r28c/toolchains/llvm/prebuilt/linux-x86_64/sysroot/usr/include -I/home/said/pygame/mygame/.buildozer/android/platform/build-arm64-v8a_armeabi-v7a/build/other_builds/python3/arm64-v8a__ndk_target_24/python3/android-build/android-root/include/python3.14 -fPIC -DPIC -DPIC conftest.c >&5
configure:11178: $? = 0
configure:11192: result: yes
configure:11221: checking if /home/said/.buildozer/android/platform/android-ndk-r28c/toolchains/llvm/prebuilt/linux-x86_64/bin/clang -target aarch64-linux-android24 -fomit-frame-pointer -march=armv8-a -fPIC -std=gnu23 static flag -static works
configure:11251: result: yes
configure:11266: checking if /home/said/.buildozer/android/platform/android-ndk-r28c/toolchains/llvm/prebuilt/linux-x86_64/bin/clang -target aarch64-linux-android24 -fomit-frame-pointer -march=armv8-a -fPIC -std=gnu23 supports -c -o file.o
configure:11288: /home/said/.buildozer/android/platform/android-ndk-r28c/toolchains/llvm/prebuilt/linux-x86_64/bin/clang -target aarch64-linux-android24 -fomit-frame-pointer -march=armv8-a -fPIC -std=gnu23 -c -target aarch64-linux-android24 -fomit-frame-pointer -march=armv8-a -fPIC -DANDROID -I/home/said/.buildozer/android/platform/android-ndk-r28c/toolchains/llvm/prebuilt/linux-x86_64/sysroot/usr/include -I/home/said/pygame/mygame/.buildozer/android/platform/build-arm64-v8a_armeabi-v7a/build/other_builds/python3/arm64-v8a__ndk_target_24/python3/android-build/android-root/include/python3.14 -o out/conftest2.o conftest.c >&5
configure:11292: $? = 0
configure:11315: result: yes
configure:11323: checking if /home/said/.buildozer/android/platform/android-ndk-r28c/toolchains/llvm/prebuilt/linux-x86_64/bin/clang -target aarch64-linux-android24 -fomit-frame-pointer -march=armv8-a -fPIC -std=gnu23 supports -c -o file.o
configure:11372: result: yes
configure:11405: checking whether the /home/said/.buildozer/android/platform/android-ndk-r28c/toolchains/llvm/prebuilt/linux-x86_64/bin/clang -target aarch64-linux-android24 -fomit-frame-pointer -march=armv8-a -fPIC -std=gnu23 linker (/home/said/.buildozer/android/platform/android-ndk-r28c/toolchains/llvm/prebuilt/linux-x86_64/bin/ld) supports shared libraries
configure:12693: result: yes
configure:12730: checking whether -lc should be explicitly linked in
configure:12739: /home/said/.buildozer/android/platform/android-ndk-r28c/toolchains/llvm/prebuilt/linux-x86_64/bin/clang -target aarch64-linux-android24 -fomit-frame-pointer -march=armv8-a -fPIC -std=gnu23 -c -target aarch64-linux-android24 -fomit-frame-pointer -march=armv8-a -fPIC -DANDROID -I/home/said/.buildozer/android/platform/android-ndk-r28c/toolchains/llvm/prebuilt/linux-x86_64/sysroot/usr/include -I/home/said/pygame/mygame/.buildozer/android/platform/build-arm64-v8a_armeabi-v7a/build/other_builds/python3/arm64-v8a__ndk_target_24/python3/android-build/android-root/include/python3.14 conftest.c >&5
configure:12742: $? = 0
configure:12757: /home/said/.buildozer/android/platform/android-ndk-r28c/toolchains/llvm/prebuilt/linux-x86_64/bin/clang -target aarch64-linux-android24 -fomit-frame-pointer -march=armv8-a -fPIC -std=gnu23 -shared  -fPIC -DPIC conftest.o  -v -Wl,-soname -Wl,conftest -o conftest 2\>\&1 \| /usr/bin/grep  -lc  \>/dev/null 2\>\&1
configure:12760: $? = 0
configure:12775: result: no
configure:12935: checking dynamic linker characteristics
configure:14334: result: Android linker
configure:14456: checking how to hardcode library paths into programs
configure:14481: result: immediate
configure:15081: checking whether stripping libraries is possible
configure:15090: result: yes
configure:15132: checking if libtool supports shared libraries
configure:15134: result: yes
configure:15137: checking whether to build shared libraries
configure:15162: result: yes
configure:15165: checking whether to build static libraries
configure:15169: result: yes
configure:15192: checking how to run the C++ preprocessor
configure:15214: /home/said/.buildozer/android/platform/android-ndk-r28c/toolchains/llvm/prebuilt/linux-x86_64/bin/clang++ -target aarch64-linux-android24 -fomit-frame-pointer -march=armv8-a -fPIC -E -DANDROID -I/home/said/.buildozer/android/platform/android-ndk-r28c/toolchains/llvm/prebuilt/linux-x86_64/sysroot/usr/include -I/home/said/pygame/mygame/.buildozer/android/platform/build-arm64-v8a_armeabi-v7a/build/other_builds/python3/arm64-v8a__ndk_target_24/python3/android-build/android-root/include/python3.14 conftest.cpp
configure:15214: $? = 0
configure:15230: /home/said/.buildozer/android/platform/android-ndk-r28c/toolchains/llvm/prebuilt/linux-x86_64/bin/clang++ -target aarch64-linux-android24 -fomit-frame-pointer -march=armv8-a -fPIC -E -DANDROID -I/home/said/.buildozer/android/platform/android-ndk-r28c/toolchains/llvm/prebuilt/linux-x86_64/sysroot/usr/include -I/home/said/pygame/mygame/.buildozer/android/platform/build-arm64-v8a_armeabi-v7a/build/other_builds/python3/arm64-v8a__ndk_target_24/python3/android-build/android-root/include/python3.14 conftest.cpp
conftest.cpp:23:10: fatal error: 'ac_nonexistent.h' file not found
   23 | #include <ac_nonexistent.h>
      |          ^~~~~~~~~~~~~~~~~~
1 error generated.
configure:15230: $? = 1
configure: failed program was:
| /* confdefs.h */
| #define PACKAGE_NAME "libffi"
| #define PACKAGE_TARNAME "libffi"
| #define PACKAGE_VERSION "3.4.2"
| #define PACKAGE_STRING "libffi 3.4.2"
| #define PACKAGE_BUGREPORT "http://github.com/libffi/libffi/issues"
| #define PACKAGE_URL ""
| #define PACKAGE "libffi"
| #define VERSION "3.4.2"
| #define HAVE_STDIO_H 1
| #define HAVE_STDLIB_H 1
| #define HAVE_STRING_H 1
| #define HAVE_INTTYPES_H 1
| #define HAVE_STDINT_H 1
| #define HAVE_STRINGS_H 1
| #define HAVE_SYS_STAT_H 1
| #define HAVE_SYS_TYPES_H 1
| #define HAVE_UNISTD_H 1
| #define STDC_HEADERS 1
| #define HAVE_DLFCN_H 1
| #define LT_OBJDIR ".libs/"
| /* end confdefs.h.  */
| #include <ac_nonexistent.h>
configure:15259: result: /home/said/.buildozer/android/platform/android-ndk-r28c/toolchains/llvm/prebuilt/linux-x86_64/bin/clang++ -target aarch64-linux-android24 -fomit-frame-pointer -march=armv8-a -fPIC -E
configure:15273: /home/said/.buildozer/android/platform/android-ndk-r28c/toolchains/llvm/prebuilt/linux-x86_64/bin/clang++ -target aarch64-linux-android24 -fomit-frame-pointer -march=armv8-a -fPIC -E -DANDROID -I/home/said/.buildozer/android/platform/android-ndk-r28c/toolchains/llvm/prebuilt/linux-x86_64/sysroot/usr/include -I/home/said/pygame/mygame/.buildozer/android/platform/build-arm64-v8a_armeabi-v7a/build/other_builds/python3/arm64-v8a__ndk_target_24/python3/android-build/android-root/include/python3.14 conftest.cpp
configure:15273: $? = 0
configure:15289: /home/said/.buildozer/android/platform/android-ndk-r28c/toolchains/llvm/prebuilt/linux-x86_64/bin/clang++ -target aarch64-linux-android24 -fomit-frame-pointer -march=armv8-a -fPIC -E -DANDROID -I/home/said/.buildozer/android/platform/android-ndk-r28c/toolchains/llvm/prebuilt/linux-x86_64/sysroot/usr/include -I/home/said/pygame/mygame/.buildozer/android/platform/build-arm64-v8a_armeabi-v7a/build/other_builds/python3/arm64-v8a__ndk_target_24/python3/android-build/android-root/include/python3.14 conftest.cpp
conftest.cpp:23:10: fatal error: 'ac_nonexistent.h' file not found
   23 | #include <ac_nonexistent.h>
      |          ^~~~~~~~~~~~~~~~~~
1 error generated.
configure:15289: $? = 1
configure: failed program was:
| /* confdefs.h */
| #define PACKAGE_NAME "libffi"
| #define PACKAGE_TARNAME "libffi"
| #define PACKAGE_VERSION "3.4.2"
| #define PACKAGE_STRING "libffi 3.4.2"
| #define PACKAGE_BUGREPORT "http://github.com/libffi/libffi/issues"
| #define PACKAGE_URL ""
| #define PACKAGE "libffi"
| #define VERSION "3.4.2"
| #define HAVE_STDIO_H 1
| #define HAVE_STDLIB_H 1
| #define HAVE_STRING_H 1
| #define HAVE_INTTYPES_H 1
| #define HAVE_STDINT_H 1
| #define HAVE_STRINGS_H 1
| #define HAVE_SYS_STAT_H 1
| #define HAVE_SYS_TYPES_H 1
| #define HAVE_UNISTD_H 1
| #define STDC_HEADERS 1
| #define HAVE_DLFCN_H 1
| #define LT_OBJDIR ".libs/"
| /* end confdefs.h.  */
| #include <ac_nonexistent.h>
configure:15457: checking for ld used by /home/said/.buildozer/android/platform/android-ndk-r28c/toolchains/llvm/prebuilt/linux-x86_64/bin/clang++ -target aarch64-linux-android24 -fomit-frame-pointer -march=armv8-a -fPIC
configure:15526: result: /home/said/.buildozer/android/platform/android-ndk-r28c/toolchains/llvm/prebuilt/linux-x86_64/bin/ld
configure:15533: checking if the linker (/home/said/.buildozer/android/platform/android-ndk-r28c/toolchains/llvm/prebuilt/linux-x86_64/bin/ld) is GNU ld
configure:15550: result: yes
configure:15604: checking whether the /home/said/.buildozer/android/platform/android-ndk-r28c/toolchains/llvm/prebuilt/linux-x86_64/bin/clang++ -target aarch64-linux-android24 -fomit-frame-pointer -march=armv8-a -fPIC linker (/home/said/.buildozer/android/platform/android-ndk-r28c/toolchains/llvm/prebuilt/linux-x86_64/bin/ld) supports shared libraries
configure:16707: result: yes
configure:16743: /home/said/.buildozer/android/platform/android-ndk-r28c/toolchains/llvm/prebuilt/linux-x86_64/bin/clang++ -target aarch64-linux-android24 -fomit-frame-pointer -march=armv8-a -fPIC -c -target aarch64-linux-android24 -fomit-frame-pointer -march=armv8-a -fPIC -DANDROID -I/home/said/.buildozer/android/platform/android-ndk-r28c/toolchains/llvm/prebuilt/linux-x86_64/sysroot/usr/include -I/home/said/pygame/mygame/.buildozer/android/platform/build-arm64-v8a_armeabi-v7a/build/other_builds/python3/arm64-v8a__ndk_target_24/python3/android-build/android-root/include/python3.14 conftest.cpp >&5
configure:16746: $? = 0
configure:17236: checking for /home/said/.buildozer/android/platform/android-ndk-r28c/toolchains/llvm/prebuilt/linux-x86_64/bin/clang++ -target aarch64-linux-android24 -fomit-frame-pointer -march=armv8-a -fPIC option to produce PIC
configure:17245: result: -fPIC -DPIC
configure:17253: checking if /home/said/.buildozer/android/platform/android-ndk-r28c/toolchains/llvm/prebuilt/linux-x86_64/bin/clang++ -target aarch64-linux-android24 -fomit-frame-pointer -march=armv8-a -fPIC PIC flag -fPIC -DPIC works
configure:17272: /home/said/.buildozer/android/platform/android-ndk-r28c/toolchains/llvm/prebuilt/linux-x86_64/bin/clang++ -target aarch64-linux-android24 -fomit-frame-pointer -march=armv8-a -fPIC -c -target aarch64-linux-android24 -fomit-frame-pointer -march=armv8-a -fPIC -DANDROID -I/home/said/.buildozer/android/platform/android-ndk-r28c/toolchains/llvm/prebuilt/linux-x86_64/sysroot/usr/include -I/home/said/pygame/mygame/.buildozer/android/platform/build-arm64-v8a_armeabi-v7a/build/other_builds/python3/arm64-v8a__ndk_target_24/python3/android-build/android-root/include/python3.14 -fPIC -DPIC -DPIC conftest.cpp >&5
configure:17276: $? = 0
configure:17290: result: yes
configure:17313: checking if /home/said/.buildozer/android/platform/android-ndk-r28c/toolchains/llvm/prebuilt/linux-x86_64/bin/clang++ -target aarch64-linux-android24 -fomit-frame-pointer -march=armv8-a -fPIC static flag -static works
configure:17343: result: yes
configure:17355: checking if /home/said/.buildozer/android/platform/android-ndk-r28c/toolchains/llvm/prebuilt/linux-x86_64/bin/clang++ -target aarch64-linux-android24 -fomit-frame-pointer -march=armv8-a -fPIC supports -c -o file.o
configure:17377: /home/said/.buildozer/android/platform/android-ndk-r28c/toolchains/llvm/prebuilt/linux-x86_64/bin/clang++ -target aarch64-linux-android24 -fomit-frame-pointer -march=armv8-a -fPIC -c -target aarch64-linux-android24 -fomit-frame-pointer -march=armv8-a -fPIC -DANDROID -I/home/said/.buildozer/android/platform/android-ndk-r28c/toolchains/llvm/prebuilt/linux-x86_64/sysroot/usr/include -I/home/said/pygame/mygame/.buildozer/android/platform/build-arm64-v8a_armeabi-v7a/build/other_builds/python3/arm64-v8a__ndk_target_24/python3/android-build/android-root/include/python3.14 -o out/conftest2.o conftest.cpp >&5
configure:17381: $? = 0
configure:17404: result: yes
configure:17409: checking if /home/said/.buildozer/android/platform/android-ndk-r28c/toolchains/llvm/prebuilt/linux-x86_64/bin/clang++ -target aarch64-linux-android24 -fomit-frame-pointer -march=armv8-a -fPIC supports -c -o file.o
configure:17458: result: yes
configure:17488: checking whether the /home/said/.buildozer/android/platform/android-ndk-r28c/toolchains/llvm/prebuilt/linux-x86_64/bin/clang++ -target aarch64-linux-android24 -fomit-frame-pointer -march=armv8-a -fPIC linker (/home/said/.buildozer/android/platform/android-ndk-r28c/toolchains/llvm/prebuilt/linux-x86_64/bin/ld) supports shared libraries
configure:17529: result: yes
configure:17672: checking dynamic linker characteristics
configure:18975: result: Android linker
configure:19040: checking how to hardcode library paths into programs
configure:19065: result: immediate
configure:19138: checking for aarch64-linux-android-readelf
configure:19171: result: /home/said/.buildozer/android/platform/android-ndk-r28c/toolchains/llvm/prebuilt/linux-x86_64/bin/llvm-readelf
configure:19245: checking size of size_t
configure:19251: /home/said/.buildozer/android/platform/android-ndk-r28c/toolchains/llvm/prebuilt/linux-x86_64/bin/clang -target aarch64-linux-android24 -fomit-frame-pointer -march=armv8-a -fPIC -std=gnu23 -c -target aarch64-linux-android24 -fomit-frame-pointer -march=armv8-a -fPIC -DANDROID -I/home/said/.buildozer/android/platform/android-ndk-r28c/toolchains/llvm/prebuilt/linux-x86_64/sysroot/usr/include -I/home/said/pygame/mygame/.buildozer/android/platform/build-arm64-v8a_armeabi-v7a/build/other_builds/python3/arm64-v8a__ndk_target_24/python3/android-build/android-root/include/python3.14 conftest.c >&5
configure:19251: $? = 0
configure:19251: /home/said/.buildozer/android/platform/android-ndk-r28c/toolchains/llvm/prebuilt/linux-x86_64/bin/clang -target aarch64-linux-android24 -fomit-frame-pointer -march=armv8-a -fPIC -std=gnu23 -c -target aarch64-linux-android24 -fomit-frame-pointer -march=armv8-a -fPIC -DANDROID -I/home/said/.buildozer/android/platform/android-ndk-r28c/toolchains/llvm/prebuilt/linux-x86_64/sysroot/usr/include -I/home/said/pygame/mygame/.buildozer/android/platform/build-arm64-v8a_armeabi-v7a/build/other_builds/python3/arm64-v8a__ndk_target_24/python3/android-build/android-root/include/python3.14 conftest.c >&5
conftest.c:54:24: error: 'test_array' declared as an array with a negative size
   54 | static int test_array [1 - 2 * !(((long int) (sizeof (size_t))) <= 0)];
      |                        ^~~~~~~~~~~~~~~~~~~~~~~~~~~~~~~~~~~~~~~~~~~~~~
1 error generated.
configure:19251: $? = 1
configure: failed program was:
| /* confdefs.h */
| #define PACKAGE_NAME "libffi"
| #define PACKAGE_TARNAME "libffi"
| #define PACKAGE_VERSION "3.4.2"
| #define PACKAGE_STRING "libffi 3.4.2"
| #define PACKAGE_BUGREPORT "http://github.com/libffi/libffi/issues"
| #define PACKAGE_URL ""
| #define PACKAGE "libffi"
| #define VERSION "3.4.2"
| #define HAVE_STDIO_H 1
| #define HAVE_STDLIB_H 1
| #define HAVE_STRING_H 1
| #define HAVE_INTTYPES_H 1
| #define HAVE_STDINT_H 1
| #define HAVE_STRINGS_H 1
| #define HAVE_SYS_STAT_H 1
| #define HAVE_SYS_TYPES_H 1
| #define HAVE_UNISTD_H 1
| #define STDC_HEADERS 1
| #define HAVE_DLFCN_H 1
| #define LT_OBJDIR ".libs/"
| /* end confdefs.h.  */
| #include <stddef.h>
| #ifdef HAVE_STDIO_H
| # include <stdio.h>
| #endif
| #ifdef HAVE_STDLIB_H
| # include <stdlib.h>
| #endif
| #ifdef HAVE_STRING_H
| # include <string.h>
| #endif
| #ifdef HAVE_INTTYPES_H
| # include <inttypes.h>
| #endif
| #ifdef HAVE_STDINT_H
| # include <stdint.h>
| #endif
| #ifdef HAVE_STRINGS_H
| # include <strings.h>
| #endif
| #ifdef HAVE_SYS_TYPES_H
| # include <sys/types.h>
| #endif
| #ifdef HAVE_SYS_STAT_H
| # include <sys/stat.h>
| #endif
| #ifdef HAVE_UNISTD_H
| # include <unistd.h>
| #endif
| int
| main (void)
| {
| static int test_array [1 - 2 * !(((long int) (sizeof (size_t))) <= 0)];
| test_array [0] = 0;
| return test_array [0];
| 
|   ;
|   return 0;
| }
configure:19251: /home/said/.buildozer/android/platform/android-ndk-r28c/toolchains/llvm/prebuilt/linux-x86_64/bin/clang -target aarch64-linux-android24 -fomit-frame-pointer -march=armv8-a -fPIC -std=gnu23 -c -target aarch64-linux-android24 -fomit-frame-pointer -march=armv8-a -fPIC -DANDROID -I/home/said/.buildozer/android/platform/android-ndk-r28c/toolchains/llvm/prebuilt/linux-x86_64/sysroot/usr/include -I/home/said/pygame/mygame/.buildozer/android/platform/build-arm64-v8a_armeabi-v7a/build/other_builds/python3/arm64-v8a__ndk_target_24/python3/android-build/android-root/include/python3.14 conftest.c >&5
conftest.c:54:24: error: 'test_array' declared as an array with a negative size
   54 | static int test_array [1 - 2 * !(((long int) (sizeof (size_t))) <= 1)];
      |                        ^~~~~~~~~~~~~~~~~~~~~~~~~~~~~~~~~~~~~~~~~~~~~~
1 error generated.
configure:19251: $? = 1
configure: failed program was:
| /* confdefs.h */
| #define PACKAGE_NAME "libffi"
| #define PACKAGE_TARNAME "libffi"
| #define PACKAGE_VERSION "3.4.2"
| #define PACKAGE_STRING "libffi 3.4.2"
| #define PACKAGE_BUGREPORT "http://github.com/libffi/libffi/issues"
| #define PACKAGE_URL ""
| #define PACKAGE "libffi"
| #define VERSION "3.4.2"
| #define HAVE_STDIO_H 1
| #define HAVE_STDLIB_H 1
| #define HAVE_STRING_H 1
| #define HAVE_INTTYPES_H 1
| #define HAVE_STDINT_H 1
| #define HAVE_STRINGS_H 1
| #define HAVE_SYS_STAT_H 1
| #define HAVE_SYS_TYPES_H 1
| #define HAVE_UNISTD_H 1
| #define STDC_HEADERS 1
| #define HAVE_DLFCN_H 1
| #define LT_OBJDIR ".libs/"
| /* end confdefs.h.  */
| #include <stddef.h>
| #ifdef HAVE_STDIO_H
| # include <stdio.h>
| #endif
| #ifdef HAVE_STDLIB_H
| # include <stdlib.h>
| #endif
| #ifdef HAVE_STRING_H
| # include <string.h>
| #endif
| #ifdef HAVE_INTTYPES_H
| # include <inttypes.h>
| #endif
| #ifdef HAVE_STDINT_H
| # include <stdint.h>
| #endif
| #ifdef HAVE_STRINGS_H
| # include <strings.h>
| #endif
| #ifdef HAVE_SYS_TYPES_H
| # include <sys/types.h>
| #endif
| #ifdef HAVE_SYS_STAT_H
| # include <sys/stat.h>
| #endif
| #ifdef HAVE_UNISTD_H
| # include <unistd.h>
| #endif
| int
| main (void)
| {
| static int test_array [1 - 2 * !(((long int) (sizeof (size_t))) <= 1)];
| test_array [0] = 0;
| return test_array [0];
| 
|   ;
|   return 0;
| }
configure:19251: /home/said/.buildozer/android/platform/android-ndk-r28c/toolchains/llvm/prebuilt/linux-x86_64/bin/clang -target aarch64-linux-android24 -fomit-frame-pointer -march=armv8-a -fPIC -std=gnu23 -c -target aarch64-linux-android24 -fomit-frame-pointer -march=armv8-a -fPIC -DANDROID -I/home/said/.buildozer/android/platform/android-ndk-r28c/toolchains/llvm/prebuilt/linux-x86_64/sysroot/usr/include -I/home/said/pygame/mygame/.buildozer/android/platform/build-arm64-v8a_armeabi-v7a/build/other_builds/python3/arm64-v8a__ndk_target_24/python3/android-build/android-root/include/python3.14 conftest.c >&5
conftest.c:54:24: error: 'test_array' declared as an array with a negative size
   54 | static int test_array [1 - 2 * !(((long int) (sizeof (size_t))) <= 3)];
      |                        ^~~~~~~~~~~~~~~~~~~~~~~~~~~~~~~~~~~~~~~~~~~~~~
1 error generated.
configure:19251: $? = 1
configure: failed program was:
| /* confdefs.h */
| #define PACKAGE_NAME "libffi"
| #define PACKAGE_TARNAME "libffi"
| #define PACKAGE_VERSION "3.4.2"
| #define PACKAGE_STRING "libffi 3.4.2"
| #define PACKAGE_BUGREPORT "http://github.com/libffi/libffi/issues"
| #define PACKAGE_URL ""
| #define PACKAGE "libffi"
| #define VERSION "3.4.2"
| #define HAVE_STDIO_H 1
| #define HAVE_STDLIB_H 1
| #define HAVE_STRING_H 1
| #define HAVE_INTTYPES_H 1
| #define HAVE_STDINT_H 1
| #define HAVE_STRINGS_H 1
| #define HAVE_SYS_STAT_H 1
| #define HAVE_SYS_TYPES_H 1
| #define HAVE_UNISTD_H 1
| #define STDC_HEADERS 1
| #define HAVE_DLFCN_H 1
| #define LT_OBJDIR ".libs/"
| /* end confdefs.h.  */
| #include <stddef.h>
| #ifdef HAVE_STDIO_H
| # include <stdio.h>
| #endif
| #ifdef HAVE_STDLIB_H
| # include <stdlib.h>
| #endif
| #ifdef HAVE_STRING_H
| # include <string.h>
| #endif
| #ifdef HAVE_INTTYPES_H
| # include <inttypes.h>
| #endif
| #ifdef HAVE_STDINT_H
| # include <stdint.h>
| #endif
| #ifdef HAVE_STRINGS_H
| # include <strings.h>
| #endif
| #ifdef HAVE_SYS_TYPES_H
| # include <sys/types.h>
| #endif
| #ifdef HAVE_SYS_STAT_H
| # include <sys/stat.h>
| #endif
| #ifdef HAVE_UNISTD_H
| # include <unistd.h>
| #endif
| int
| main (void)
| {
| static int test_array [1 - 2 * !(((long int) (sizeof (size_t))) <= 3)];
| test_array [0] = 0;
| return test_array [0];
| 
|   ;
|   return 0;
| }
configure:19251: /home/said/.buildozer/android/platform/android-ndk-r28c/toolchains/llvm/prebuilt/linux-x86_64/bin/clang -target aarch64-linux-android24 -fomit-frame-pointer -march=armv8-a -fPIC -std=gnu23 -c -target aarch64-linux-android24 -fomit-frame-pointer -march=armv8-a -fPIC -DANDROID -I/home/said/.buildozer/android/platform/android-ndk-r28c/toolchains/llvm/prebuilt/linux-x86_64/sysroot/usr/include -I/home/said/pygame/mygame/.buildozer/android/platform/build-arm64-v8a_armeabi-v7a/build/other_builds/python3/arm64-v8a__ndk_target_24/python3/android-build/android-root/include/python3.14 conftest.c >&5
conftest.c:54:24: error: 'test_array' declared as an array with a negative size
   54 | static int test_array [1 - 2 * !(((long int) (sizeof (size_t))) <= 7)];
      |                        ^~~~~~~~~~~~~~~~~~~~~~~~~~~~~~~~~~~~~~~~~~~~~~
1 error generated.
configure:19251: $? = 1
configure: failed program was:
| /* confdefs.h */
| #define PACKAGE_NAME "libffi"
| #define PACKAGE_TARNAME "libffi"
| #define PACKAGE_VERSION "3.4.2"
| #define PACKAGE_STRING "libffi 3.4.2"
| #define PACKAGE_BUGREPORT "http://github.com/libffi/libffi/issues"
| #define PACKAGE_URL ""
| #define PACKAGE "libffi"
| #define VERSION "3.4.2"
| #define HAVE_STDIO_H 1
| #define HAVE_STDLIB_H 1
| #define HAVE_STRING_H 1
| #define HAVE_INTTYPES_H 1
| #define HAVE_STDINT_H 1
| #define HAVE_STRINGS_H 1
| #define HAVE_SYS_STAT_H 1
| #define HAVE_SYS_TYPES_H 1
| #define HAVE_UNISTD_H 1
| #define STDC_HEADERS 1
| #define HAVE_DLFCN_H 1
| #define LT_OBJDIR ".libs/"
| /* end confdefs.h.  */
| #include <stddef.h>
| #ifdef HAVE_STDIO_H
| # include <stdio.h>
| #endif
| #ifdef HAVE_STDLIB_H
| # include <stdlib.h>
| #endif
| #ifdef HAVE_STRING_H
| # include <string.h>
| #endif
| #ifdef HAVE_INTTYPES_H
| # include <inttypes.h>
| #endif
| #ifdef HAVE_STDINT_H
| # include <stdint.h>
| #endif
| #ifdef HAVE_STRINGS_H
| # include <strings.h>
| #endif
| #ifdef HAVE_SYS_TYPES_H
| # include <sys/types.h>
| #endif
| #ifdef HAVE_SYS_STAT_H
| # include <sys/stat.h>
| #endif
| #ifdef HAVE_UNISTD_H
| # include <unistd.h>
| #endif
| int
| main (void)
| {
| static int test_array [1 - 2 * !(((long int) (sizeof (size_t))) <= 7)];
| test_array [0] = 0;
| return test_array [0];
| 
|   ;
|   return 0;
| }
configure:19251: /home/said/.buildozer/android/platform/android-ndk-r28c/toolchains/llvm/prebuilt/linux-x86_64/bin/clang -target aarch64-linux-android24 -fomit-frame-pointer -march=armv8-a -fPIC -std=gnu23 -c -target aarch64-linux-android24 -fomit-frame-pointer -march=armv8-a -fPIC -DANDROID -I/home/said/.buildozer/android/platform/android-ndk-r28c/toolchains/llvm/prebuilt/linux-x86_64/sysroot/usr/include -I/home/said/pygame/mygame/.buildozer/android/platform/build-arm64-v8a_armeabi-v7a/build/other_builds/python3/arm64-v8a__ndk_target_24/python3/android-build/android-root/include/python3.14 conftest.c >&5
configure:19251: $? = 0
configure:19251: /home/said/.buildozer/android/platform/android-ndk-r28c/toolchains/llvm/prebuilt/linux-x86_64/bin/clang -target aarch64-linux-android24 -fomit-frame-pointer -march=armv8-a -fPIC -std=gnu23 -c -target aarch64-linux-android24 -fomit-frame-pointer -march=armv8-a -fPIC -DANDROID -I/home/said/.buildozer/android/platform/android-ndk-r28c/toolchains/llvm/prebuilt/linux-x86_64/sysroot/usr/include -I/home/said/pygame/mygame/.buildozer/android/platform/build-arm64-v8a_armeabi-v7a/build/other_builds/python3/arm64-v8a__ndk_target_24/python3/android-build/android-root/include/python3.14 conftest.c >&5
configure:19251: $? = 0
configure:19251: /home/said/.buildozer/android/platform/android-ndk-r28c/toolchains/llvm/prebuilt/linux-x86_64/bin/clang -target aarch64-linux-android24 -fomit-frame-pointer -march=armv8-a -fPIC -std=gnu23 -c -target aarch64-linux-android24 -fomit-frame-pointer -march=armv8-a -fPIC -DANDROID -I/home/said/.buildozer/android/platform/android-ndk-r28c/toolchains/llvm/prebuilt/linux-x86_64/sysroot/usr/include -I/home/said/pygame/mygame/.buildozer/android/platform/build-arm64-v8a_armeabi-v7a/build/other_builds/python3/arm64-v8a__ndk_target_24/python3/android-build/android-root/include/python3.14 conftest.c >&5
configure:19251: $? = 0
configure:19251: /home/said/.buildozer/android/platform/android-ndk-r28c/toolchains/llvm/prebuilt/linux-x86_64/bin/clang -target aarch64-linux-android24 -fomit-frame-pointer -march=armv8-a -fPIC -std=gnu23 -c -target aarch64-linux-android24 -fomit-frame-pointer -march=armv8-a -fPIC -DANDROID -I/home/said/.buildozer/android/platform/android-ndk-r28c/toolchains/llvm/prebuilt/linux-x86_64/sysroot/usr/include -I/home/said/pygame/mygame/.buildozer/android/platform/build-arm64-v8a_armeabi-v7a/build/other_builds/python3/arm64-v8a__ndk_target_24/python3/android-build/android-root/include/python3.14 conftest.c >&5
configure:19251: $? = 0
configure:19261: result: 8
configure:19270: checking for C compiler vendor
configure:19319: /home/said/.buildozer/android/platform/android-ndk-r28c/toolchains/llvm/prebuilt/linux-x86_64/bin/clang -target aarch64-linux-android24 -fomit-frame-pointer -march=armv8-a -fPIC -std=gnu23 -c -target aarch64-linux-android24 -fomit-frame-pointer -march=armv8-a -fPIC -DANDROID -I/home/said/.buildozer/android/platform/android-ndk-r28c/toolchains/llvm/prebuilt/linux-x86_64/sysroot/usr/include -I/home/said/pygame/mygame/.buildozer/android/platform/build-arm64-v8a_armeabi-v7a/build/other_builds/python3/arm64-v8a__ndk_target_24/python3/android-build/android-root/include/python3.14 conftest.c >&5
conftest.c:30:9: error: use of undeclared identifier 'thisisanerror'
   30 |         thisisanerror;
      |         ^
1 error generated.
configure:19319: $? = 1
configure: failed program was:
| /* confdefs.h */
| #define PACKAGE_NAME "libffi"
| #define PACKAGE_TARNAME "libffi"
| #define PACKAGE_VERSION "3.4.2"
| #define PACKAGE_STRING "libffi 3.4.2"
| #define PACKAGE_BUGREPORT "http://github.com/libffi/libffi/issues"
| #define PACKAGE_URL ""
| #define PACKAGE "libffi"
| #define VERSION "3.4.2"
| #define HAVE_STDIO_H 1
| #define HAVE_STDLIB_H 1
| #define HAVE_STRING_H 1
| #define HAVE_INTTYPES_H 1
| #define HAVE_STDINT_H 1
| #define HAVE_STRINGS_H 1
| #define HAVE_SYS_STAT_H 1
| #define HAVE_SYS_TYPES_H 1
| #define HAVE_UNISTD_H 1
| #define STDC_HEADERS 1
| #define HAVE_DLFCN_H 1
| #define LT_OBJDIR ".libs/"
| #define SIZEOF_SIZE_T 8
| /* end confdefs.h.  */
| 
| int
| main (void)
| {
| 
|       #if !(defined(__ICC) || defined(__ECC) || defined(__INTEL_COMPILER))
|         thisisanerror;
|       #endif
| 
|   ;
|   return 0;
| }
configure:19319: /home/said/.buildozer/android/platform/android-ndk-r28c/toolchains/llvm/prebuilt/linux-x86_64/bin/clang -target aarch64-linux-android24 -fomit-frame-pointer -march=armv8-a -fPIC -std=gnu23 -c -target aarch64-linux-android24 -fomit-frame-pointer -march=armv8-a -fPIC -DANDROID -I/home/said/.buildozer/android/platform/android-ndk-r28c/toolchains/llvm/prebuilt/linux-x86_64/sysroot/usr/include -I/home/said/pygame/mygame/.buildozer/android/platform/build-arm64-v8a_armeabi-v7a/build/other_builds/python3/arm64-v8a__ndk_target_24/python3/android-build/android-root/include/python3.14 conftest.c >&5
conftest.c:30:9: error: use of undeclared identifier 'thisisanerror'
   30 |         thisisanerror;
      |         ^
1 error generated.
configure:19319: $? = 1
configure: failed program was:
| /* confdefs.h */
| #define PACKAGE_NAME "libffi"
| #define PACKAGE_TARNAME "libffi"
| #define PACKAGE_VERSION "3.4.2"
| #define PACKAGE_STRING "libffi 3.4.2"
| #define PACKAGE_BUGREPORT "http://github.com/libffi/libffi/issues"
| #define PACKAGE_URL ""
| #define PACKAGE "libffi"
| #define VERSION "3.4.2"
| #define HAVE_STDIO_H 1
| #define HAVE_STDLIB_H 1
| #define HAVE_STRING_H 1
| #define HAVE_INTTYPES_H 1
| #define HAVE_STDINT_H 1
| #define HAVE_STRINGS_H 1
| #define HAVE_SYS_STAT_H 1
| #define HAVE_SYS_TYPES_H 1
| #define HAVE_UNISTD_H 1
| #define STDC_HEADERS 1
| #define HAVE_DLFCN_H 1
| #define LT_OBJDIR ".libs/"
| #define SIZEOF_SIZE_T 8
| /* end confdefs.h.  */
| 
| int
| main (void)
| {
| 
|       #if !(defined(__xlc__) || defined(__xlC__) || defined(__IBMC__) || defined(__IBMCPP__))
|         thisisanerror;
|       #endif
| 
|   ;
|   return 0;
| }
configure:19319: /home/said/.buildozer/android/platform/android-ndk-r28c/toolchains/llvm/prebuilt/linux-x86_64/bin/clang -target aarch64-linux-android24 -fomit-frame-pointer -march=armv8-a -fPIC -std=gnu23 -c -target aarch64-linux-android24 -fomit-frame-pointer -march=armv8-a -fPIC -DANDROID -I/home/said/.buildozer/android/platform/android-ndk-r28c/toolchains/llvm/prebuilt/linux-x86_64/sysroot/usr/include -I/home/said/pygame/mygame/.buildozer/android/platform/build-arm64-v8a_armeabi-v7a/build/other_builds/python3/arm64-v8a__ndk_target_24/python3/android-build/android-root/include/python3.14 conftest.c >&5
conftest.c:30:9: error: use of undeclared identifier 'thisisanerror'
   30 |         thisisanerror;
      |         ^
1 error generated.
configure:19319: $? = 1
configure: failed program was:
| /* confdefs.h */
| #define PACKAGE_NAME "libffi"
| #define PACKAGE_TARNAME "libffi"
| #define PACKAGE_VERSION "3.4.2"
| #define PACKAGE_STRING "libffi 3.4.2"
| #define PACKAGE_BUGREPORT "http://github.com/libffi/libffi/issues"
| #define PACKAGE_URL ""
| #define PACKAGE "libffi"
| #define VERSION "3.4.2"
| #define HAVE_STDIO_H 1
| #define HAVE_STDLIB_H 1
| #define HAVE_STRING_H 1
| #define HAVE_INTTYPES_H 1
| #define HAVE_STDINT_H 1
| #define HAVE_STRINGS_H 1
| #define HAVE_SYS_STAT_H 1
| #define HAVE_SYS_TYPES_H 1
| #define HAVE_UNISTD_H 1
| #define STDC_HEADERS 1
| #define HAVE_DLFCN_H 1
| #define LT_OBJDIR ".libs/"
| #define SIZEOF_SIZE_T 8
| /* end confdefs.h.  */
| 
| int
| main (void)
| {
| 
|       #if !(defined(__PATHCC__) || defined(__PATHSCALE__))
|         thisisanerror;
|       #endif
| 
|   ;
|   return 0;
| }
configure:19319: /home/said/.buildozer/android/platform/android-ndk-r28c/toolchains/llvm/prebuilt/linux-x86_64/bin/clang -target aarch64-linux-android24 -fomit-frame-pointer -march=armv8-a -fPIC -std=gnu23 -c -target aarch64-linux-android24 -fomit-frame-pointer -march=armv8-a -fPIC -DANDROID -I/home/said/.buildozer/android/platform/android-ndk-r28c/toolchains/llvm/prebuilt/linux-x86_64/sysroot/usr/include -I/home/said/pygame/mygame/.buildozer/android/platform/build-arm64-v8a_armeabi-v7a/build/other_builds/python3/arm64-v8a__ndk_target_24/python3/android-build/android-root/include/python3.14 conftest.c >&5
configure:19319: $? = 0
configure:19329: result: clang
configure:20182: checking whether C compiler accepts -target aarch64-linux-android24 -fomit-frame-pointer -march=armv8-a -fPIC
configure:20202: /home/said/.buildozer/android/platform/android-ndk-r28c/toolchains/llvm/prebuilt/linux-x86_64/bin/clang -target aarch64-linux-android24 -fomit-frame-pointer -march=armv8-a -fPIC -std=gnu23 -c -target aarch64-linux-android24 -fomit-frame-pointer -march=armv8-a -fPIC  -target aarch64-linux-android24 -fomit-frame-pointer -march=armv8-a -fPIC -DANDROID -I/home/said/.buildozer/android/platform/android-ndk-r28c/toolchains/llvm/prebuilt/linux-x86_64/sysroot/usr/include -I/home/said/pygame/mygame/.buildozer/android/platform/build-arm64-v8a_armeabi-v7a/build/other_builds/python3/arm64-v8a__ndk_target_24/python3/android-build/android-root/include/python3.14 conftest.c >&5
configure:20202: $? = 0
configure:20214: result: yes
configure:20244: checking CFLAGS for maximum warnings
configure:20265: /home/said/.buildozer/android/platform/android-ndk-r28c/toolchains/llvm/prebuilt/linux-x86_64/bin/clang -target aarch64-linux-android24 -fomit-frame-pointer -march=armv8-a -fPIC -std=gnu23 -c -target aarch64-linux-android24 -fomit-frame-pointer -march=armv8-a -fPIC -warn all  -warn all -DANDROID -I/home/said/.buildozer/android/platform/android-ndk-r28c/toolchains/llvm/prebuilt/linux-x86_64/sysroot/usr/include -I/home/said/pygame/mygame/.buildozer/android/platform/build-arm64-v8a_armeabi-v7a/build/other_builds/python3/arm64-v8a__ndk_target_24/python3/android-build/android-root/include/python3.14 conftest.c >&5
clang: error: unknown argument: '-warn'
clang: error: unknown argument: '-warn'
clang: error: no such file or directory: 'all'
clang: error: no such file or directory: 'all'
configure:20265: $? = 1
configure: failed program was:
| /* confdefs.h */
| #define PACKAGE_NAME "libffi"
| #define PACKAGE_TARNAME "libffi"
| #define PACKAGE_VERSION "3.4.2"
| #define PACKAGE_STRING "libffi 3.4.2"
| #define PACKAGE_BUGREPORT "http://github.com/libffi/libffi/issues"
| #define PACKAGE_URL ""
| #define PACKAGE "libffi"
| #define VERSION "3.4.2"
| #define HAVE_STDIO_H 1
| #define HAVE_STDLIB_H 1
| #define HAVE_STRING_H 1
| #define HAVE_INTTYPES_H 1
| #define HAVE_STDINT_H 1
| #define HAVE_STRINGS_H 1
| #define HAVE_SYS_STAT_H 1
| #define HAVE_SYS_TYPES_H 1
| #define HAVE_UNISTD_H 1
| #define STDC_HEADERS 1
| #define HAVE_DLFCN_H 1
| #define LT_OBJDIR ".libs/"
| #define SIZEOF_SIZE_T 8
| /* end confdefs.h.  */
| 
| int
| main (void)
| {
| 
|   ;
|   return 0;
| }
configure:20265: /home/said/.buildozer/android/platform/android-ndk-r28c/toolchains/llvm/prebuilt/linux-x86_64/bin/clang -target aarch64-linux-android24 -fomit-frame-pointer -march=armv8-a -fPIC -std=gnu23 -c -target aarch64-linux-android24 -fomit-frame-pointer -march=armv8-a -fPIC -pedantic  -Wall -DANDROID -I/home/said/.buildozer/android/platform/android-ndk-r28c/toolchains/llvm/prebuilt/linux-x86_64/sysroot/usr/include -I/home/said/pygame/mygame/.buildozer/android/platform/build-arm64-v8a_armeabi-v7a/build/other_builds/python3/arm64-v8a__ndk_target_24/python3/android-build/android-root/include/python3.14 conftest.c >&5
configure:20265: $? = 0
configure:20275: result: -Wall
configure:20296: : CFLAGS="$CFLAGS"
configure:20299: $? = 0
configure:20338: checking whether to enable maintainer-specific portions of Makefiles
configure:20349: result: no
configure:20363: checking for sys/memfd.h
configure:20363: /home/said/.buildozer/android/platform/android-ndk-r28c/toolchains/llvm/prebuilt/linux-x86_64/bin/clang -target aarch64-linux-android24 -fomit-frame-pointer -march=armv8-a -fPIC -std=gnu23 -c -target aarch64-linux-android24 -fomit-frame-pointer -march=armv8-a -fPIC -Wall -fexceptions -DANDROID -I/home/said/.buildozer/android/platform/android-ndk-r28c/toolchains/llvm/prebuilt/linux-x86_64/sysroot/usr/include -I/home/said/pygame/mygame/.buildozer/android/platform/build-arm64-v8a_armeabi-v7a/build/other_builds/python3/arm64-v8a__ndk_target_24/python3/android-build/android-root/include/python3.14 conftest.c >&5
conftest.c:52:10: fatal error: 'sys/memfd.h' file not found
   52 | #include <sys/memfd.h>
      |          ^~~~~~~~~~~~~
1 error generated.
configure:20363: $? = 1
configure: failed program was:
| /* confdefs.h */
| #define PACKAGE_NAME "libffi"
| #define PACKAGE_TARNAME "libffi"
| #define PACKAGE_VERSION "3.4.2"
| #define PACKAGE_STRING "libffi 3.4.2"
| #define PACKAGE_BUGREPORT "http://github.com/libffi/libffi/issues"
| #define PACKAGE_URL ""
| #define PACKAGE "libffi"
| #define VERSION "3.4.2"
| #define HAVE_STDIO_H 1
| #define HAVE_STDLIB_H 1
| #define HAVE_STRING_H 1
| #define HAVE_INTTYPES_H 1
| #define HAVE_STDINT_H 1
| #define HAVE_STRINGS_H 1
| #define HAVE_SYS_STAT_H 1
| #define HAVE_SYS_TYPES_H 1
| #define HAVE_UNISTD_H 1
| #define STDC_HEADERS 1
| #define HAVE_DLFCN_H 1
| #define LT_OBJDIR ".libs/"
| #define SIZEOF_SIZE_T 8
| /* end confdefs.h.  */
| #include <stddef.h>
| #ifdef HAVE_STDIO_H
| # include <stdio.h>
| #endif
| #ifdef HAVE_STDLIB_H
| # include <stdlib.h>
| #endif
| #ifdef HAVE_STRING_H
| # include <string.h>
| #endif
| #ifdef HAVE_INTTYPES_H
| # include <inttypes.h>
| #endif
| #ifdef HAVE_STDINT_H
| # include <stdint.h>
| #endif
| #ifdef HAVE_STRINGS_H
| # include <strings.h>
| #endif
| #ifdef HAVE_SYS_TYPES_H
| # include <sys/types.h>
| #endif
| #ifdef HAVE_SYS_STAT_H
| # include <sys/stat.h>
| #endif
| #ifdef HAVE_UNISTD_H
| # include <unistd.h>
| #endif
| #include <sys/memfd.h>
configure:20363: result: no
configure:20370: checking for memfd_create
configure:20370: /home/said/.buildozer/android/platform/android-ndk-r28c/toolchains/llvm/prebuilt/linux-x86_64/bin/clang -target aarch64-linux-android24 -fomit-frame-pointer -march=armv8-a -fPIC -std=gnu23 -o conftest -target aarch64-linux-android24 -fomit-frame-pointer -march=armv8-a -fPIC -Wall -fexceptions -DANDROID -I/home/said/.buildozer/android/platform/android-ndk-r28c/toolchains/llvm/prebuilt/linux-x86_64/sysroot/usr/include -I/home/said/pygame/mygame/.buildozer/android/platform/build-arm64-v8a_armeabi-v7a/build/other_builds/python3/arm64-v8a__ndk_target_24/python3/android-build/android-root/include/python3.14   -L/home/said/pygame/mygame/.buildozer/android/platform/build-arm64-v8a_armeabi-v7a/build/libs_collections/innovationdino/arm64-v8a conftest.c  >&5
ld.lld: error: undefined symbol: memfd_create
>>> referenced by conftest.c
>>>               /tmp/conftest-134b08.o:(main)
clang: error: linker command failed with exit code 1 (use -v to see invocation)
configure:20370: $? = 1
configure: failed program was:
| /* confdefs.h */
| #define PACKAGE_NAME "libffi"
| #define PACKAGE_TARNAME "libffi"
| #define PACKAGE_VERSION "3.4.2"
| #define PACKAGE_STRING "libffi 3.4.2"
| #define PACKAGE_BUGREPORT "http://github.com/libffi/libffi/issues"
| #define PACKAGE_URL ""
| #define PACKAGE "libffi"
| #define VERSION "3.4.2"
| #define HAVE_STDIO_H 1
| #define HAVE_STDLIB_H 1
| #define HAVE_STRING_H 1
| #define HAVE_INTTYPES_H 1
| #define HAVE_STDINT_H 1
| #define HAVE_STRINGS_H 1
| #define HAVE_SYS_STAT_H 1
| #define HAVE_SYS_TYPES_H 1
| #define HAVE_UNISTD_H 1
| #define STDC_HEADERS 1
| #define HAVE_DLFCN_H 1
| #define LT_OBJDIR ".libs/"
| #define SIZEOF_SIZE_T 8
| /* end confdefs.h.  */
| /* Define memfd_create to an innocuous variant, in case <limits.h> declares memfd_create.
|    For example, HP-UX 11i <limits.h> declares gettimeofday.  */
| #define memfd_create innocuous_memfd_create
| 
| /* System header to define __stub macros and hopefully few prototypes,
|    which can conflict with char memfd_create (void); below.  */
| 
| #include <limits.h>
| #undef memfd_create
| 
| /* Override any GCC internal prototype to avoid an error.
|    Use char because int might match the return type of a GCC
|    builtin and then its argument prototype would still apply.  */
| #ifdef __cplusplus
| extern "C"
| #endif
| char memfd_create (void);
| /* The GNU C library defines this for functions which it implements
|     to always fail with ENOSYS.  Some functions are actually named
|     something starting with __ and the normal name is an alias.  */
| #if defined __stub_memfd_create || defined __stub___memfd_create
| choke me
| #endif
| 
| int
| main (void)
| {
| return memfd_create ();
|   ;
|   return 0;
| }
configure:20370: result: no
configure:20378: checking for sys/mman.h
configure:20378: /home/said/.buildozer/android/platform/android-ndk-r28c/toolchains/llvm/prebuilt/linux-x86_64/bin/clang -target aarch64-linux-android24 -fomit-frame-pointer -march=armv8-a -fPIC -std=gnu23 -c -target aarch64-linux-android24 -fomit-frame-pointer -march=armv8-a -fPIC -Wall -fexceptions -DANDROID -I/home/said/.buildozer/android/platform/android-ndk-r28c/toolchains/llvm/prebuilt/linux-x86_64/sysroot/usr/include -I/home/said/pygame/mygame/.buildozer/android/platform/build-arm64-v8a_armeabi-v7a/build/other_builds/python3/arm64-v8a__ndk_target_24/python3/android-build/android-root/include/python3.14 conftest.c >&5
configure:20378: $? = 0
configure:20378: result: yes
configure:20385: checking for mmap
configure:20385: /home/said/.buildozer/android/platform/android-ndk-r28c/toolchains/llvm/prebuilt/linux-x86_64/bin/clang -target aarch64-linux-android24 -fomit-frame-pointer -march=armv8-a -fPIC -std=gnu23 -o conftest -target aarch64-linux-android24 -fomit-frame-pointer -march=armv8-a -fPIC -Wall -fexceptions -DANDROID -I/home/said/.buildozer/android/platform/android-ndk-r28c/toolchains/llvm/prebuilt/linux-x86_64/sysroot/usr/include -I/home/said/pygame/mygame/.buildozer/android/platform/build-arm64-v8a_armeabi-v7a/build/other_builds/python3/arm64-v8a__ndk_target_24/python3/android-build/android-root/include/python3.14   -L/home/said/pygame/mygame/.buildozer/android/platform/build-arm64-v8a_armeabi-v7a/build/libs_collections/innovationdino/arm64-v8a conftest.c  >&5
configure:20385: $? = 0
configure:20385: result: yes
configure:20391: checking for mkostemp
configure:20391: /home/said/.buildozer/android/platform/android-ndk-r28c/toolchains/llvm/prebuilt/linux-x86_64/bin/clang -target aarch64-linux-android24 -fomit-frame-pointer -march=armv8-a -fPIC -std=gnu23 -o conftest -target aarch64-linux-android24 -fomit-frame-pointer -march=armv8-a -fPIC -Wall -fexceptions -DANDROID -I/home/said/.buildozer/android/platform/android-ndk-r28c/toolchains/llvm/prebuilt/linux-x86_64/sysroot/usr/include -I/home/said/pygame/mygame/.buildozer/android/platform/build-arm64-v8a_armeabi-v7a/build/other_builds/python3/arm64-v8a__ndk_target_24/python3/android-build/android-root/include/python3.14   -L/home/said/pygame/mygame/.buildozer/android/platform/build-arm64-v8a_armeabi-v7a/build/libs_collections/innovationdino/arm64-v8a conftest.c  >&5
configure:20391: $? = 0
configure:20391: result: yes
configure:20397: checking for mkstemp
configure:20397: /home/said/.buildozer/android/platform/android-ndk-r28c/toolchains/llvm/prebuilt/linux-x86_64/bin/clang -target aarch64-linux-android24 -fomit-frame-pointer -march=armv8-a -fPIC -std=gnu23 -o conftest -target aarch64-linux-android24 -fomit-frame-pointer -march=armv8-a -fPIC -Wall -fexceptions -DANDROID -I/home/said/.buildozer/android/platform/android-ndk-r28c/toolchains/llvm/prebuilt/linux-x86_64/sysroot/usr/include -I/home/said/pygame/mygame/.buildozer/android/platform/build-arm64-v8a_armeabi-v7a/build/other_builds/python3/arm64-v8a__ndk_target_24/python3/android-build/android-root/include/python3.14   -L/home/said/pygame/mygame/.buildozer/android/platform/build-arm64-v8a_armeabi-v7a/build/libs_collections/innovationdino/arm64-v8a conftest.c  >&5
configure:20397: $? = 0
configure:20397: result: yes
configure:20405: checking for sys/mman.h
configure:20405: result: yes
configure:20414: checking for mmap
configure:20414: result: yes
configure:20429: checking whether read-only mmap of a plain file works
configure:20448: result: yes
configure:20450: checking whether mmap from /dev/zero works
configure:20474: result: yes
configure:20478: checking for MAP_ANON(YMOUS)
configure:20502: /home/said/.buildozer/android/platform/android-ndk-r28c/toolchains/llvm/prebuilt/linux-x86_64/bin/clang -target aarch64-linux-android24 -fomit-frame-pointer -march=armv8-a -fPIC -std=gnu23 -c -target aarch64-linux-android24 -fomit-frame-pointer -march=armv8-a -fPIC -Wall -fexceptions -DANDROID -I/home/said/.buildozer/android/platform/android-ndk-r28c/toolchains/llvm/prebuilt/linux-x86_64/sysroot/usr/include -I/home/said/pygame/mygame/.buildozer/android/platform/build-arm64-v8a_armeabi-v7a/build/other_builds/python3/arm64-v8a__ndk_target_24/python3/android-build/android-root/include/python3.14 conftest.c >&5
conftest.c:39:5: warning: unused variable 'n' [-Wunused-variable]
   39 | int n = MAP_ANONYMOUS;
      |     ^
1 warning generated.
configure:20502: $? = 0
configure:20512: result: yes
configure:20518: checking whether mmap with MAP_ANON(YMOUS) works
configure:20537: result: yes
configure:20583: checking for egrep
configure:20653: result: /usr/bin/grep -E
configure:20661: checking for memcpy
configure:20661: /home/said/.buildozer/android/platform/android-ndk-r28c/toolchains/llvm/prebuilt/linux-x86_64/bin/clang -target aarch64-linux-android24 -fomit-frame-pointer -march=armv8-a -fPIC -std=gnu23 -o conftest -target aarch64-linux-android24 -fomit-frame-pointer -march=armv8-a -fPIC -Wall -fexceptions -DANDROID -I/home/said/.buildozer/android/platform/android-ndk-r28c/toolchains/llvm/prebuilt/linux-x86_64/sysroot/usr/include -I/home/said/pygame/mygame/.buildozer/android/platform/build-arm64-v8a_armeabi-v7a/build/other_builds/python3/arm64-v8a__ndk_target_24/python3/android-build/android-root/include/python3.14   -L/home/said/pygame/mygame/.buildozer/android/platform/build-arm64-v8a_armeabi-v7a/build/libs_collections/innovationdino/arm64-v8a conftest.c  >&5
conftest.c:47:6: warning: incompatible redeclaration of library function 'memcpy' [-Wincompatible-library-redeclaration]
   47 | char memcpy (void);
      |      ^
conftest.c:47:6: note: 'memcpy' is a builtin with type 'void *(void *, const void *, unsigned long)'
1 warning generated.
configure:20661: $? = 0
configure:20661: result: yes
configure:20668: checking for size_t
configure:20668: /home/said/.buildozer/android/platform/android-ndk-r28c/toolchains/llvm/prebuilt/linux-x86_64/bin/clang -target aarch64-linux-android24 -fomit-frame-pointer -march=armv8-a -fPIC -std=gnu23 -c -target aarch64-linux-android24 -fomit-frame-pointer -march=armv8-a -fPIC -Wall -fexceptions -DANDROID -I/home/said/.buildozer/android/platform/android-ndk-r28c/toolchains/llvm/prebuilt/linux-x86_64/sysroot/usr/include -I/home/said/pygame/mygame/.buildozer/android/platform/build-arm64-v8a_armeabi-v7a/build/other_builds/python3/arm64-v8a__ndk_target_24/python3/android-build/android-root/include/python3.14 conftest.c >&5
configure:20668: $? = 0
configure:20668: /home/said/.buildozer/android/platform/android-ndk-r28c/toolchains/llvm/prebuilt/linux-x86_64/bin/clang -target aarch64-linux-android24 -fomit-frame-pointer -march=armv8-a -fPIC -std=gnu23 -c -target aarch64-linux-android24 -fomit-frame-pointer -march=armv8-a -fPIC -Wall -fexceptions -DANDROID -I/home/said/.buildozer/android/platform/android-ndk-r28c/toolchains/llvm/prebuilt/linux-x86_64/sysroot/usr/include -I/home/said/pygame/mygame/.buildozer/android/platform/build-arm64-v8a_armeabi-v7a/build/other_builds/python3/arm64-v8a__ndk_target_24/python3/android-build/android-root/include/python3.14 conftest.c >&5
conftest.c:63:21: error: expected expression
   63 | if (sizeof ((size_t)))
      |                     ^
1 error generated.
configure:20668: $? = 1
configure: failed program was:
| /* confdefs.h */
| #define PACKAGE_NAME "libffi"
| #define PACKAGE_TARNAME "libffi"
| #define PACKAGE_VERSION "3.4.2"
| #define PACKAGE_STRING "libffi 3.4.2"
| #define PACKAGE_BUGREPORT "http://github.com/libffi/libffi/issues"
| #define PACKAGE_URL ""
| #define PACKAGE "libffi"
| #define VERSION "3.4.2"
| #define HAVE_STDIO_H 1
| #define HAVE_STDLIB_H 1
| #define HAVE_STRING_H 1
| #define HAVE_INTTYPES_H 1
| #define HAVE_STDINT_H 1
| #define HAVE_STRINGS_H 1
| #define HAVE_SYS_STAT_H 1
| #define HAVE_SYS_TYPES_H 1
| #define HAVE_UNISTD_H 1
| #define STDC_HEADERS 1
| #define HAVE_DLFCN_H 1
| #define LT_OBJDIR ".libs/"
| #define SIZEOF_SIZE_T 8
| #define HAVE_SYS_MMAN_H 1
| #define HAVE_MMAP 1
| #define HAVE_MKOSTEMP 1
| #define HAVE_MKSTEMP 1
| #define HAVE_MMAP_FILE 1
| #define HAVE_MMAP_DEV_ZERO 1
| #define HAVE_MMAP_ANON 1
| #define HAVE_MEMCPY 1
| /* end confdefs.h.  */
| #include <stddef.h>
| #ifdef HAVE_STDIO_H
| # include <stdio.h>
| #endif
| #ifdef HAVE_STDLIB_H
| # include <stdlib.h>
| #endif
| #ifdef HAVE_STRING_H
| # include <string.h>
| #endif
| #ifdef HAVE_INTTYPES_H
| # include <inttypes.h>
| #endif
| #ifdef HAVE_STDINT_H
| # include <stdint.h>
| #endif
| #ifdef HAVE_STRINGS_H
| # include <strings.h>
| #endif
| #ifdef HAVE_SYS_TYPES_H
| # include <sys/types.h>
| #endif
| #ifdef HAVE_SYS_STAT_H
| # include <sys/stat.h>
| #endif
| #ifdef HAVE_UNISTD_H
| # include <unistd.h>
| #endif
| int
| main (void)
| {
| if (sizeof ((size_t)))
| 	    return 0;
|   ;
|   return 0;
| }
configure:20668: result: yes
configure:20681: checking for working alloca.h
configure:20699: /home/said/.buildozer/android/platform/android-ndk-r28c/toolchains/llvm/prebuilt/linux-x86_64/bin/clang -target aarch64-linux-android24 -fomit-frame-pointer -march=armv8-a -fPIC -std=gnu23 -o conftest -target aarch64-linux-android24 -fomit-frame-pointer -march=armv8-a -fPIC -Wall -fexceptions -DANDROID -I/home/said/.buildozer/android/platform/android-ndk-r28c/toolchains/llvm/prebuilt/linux-x86_64/sysroot/usr/include -I/home/said/pygame/mygame/.buildozer/android/platform/build-arm64-v8a_armeabi-v7a/build/other_builds/python3/arm64-v8a__ndk_target_24/python3/android-build/android-root/include/python3.14   -L/home/said/pygame/mygame/.buildozer/android/platform/build-arm64-v8a_armeabi-v7a/build/libs_collections/innovationdino/arm64-v8a conftest.c  >&5
configure:20699: $? = 0
configure:20710: result: yes
configure:20718: checking for alloca
configure:20763: result: yes
configure:20837: checking size of double
configure:20843: /home/said/.buildozer/android/platform/android-ndk-r28c/toolchains/llvm/prebuilt/linux-x86_64/bin/clang -target aarch64-linux-android24 -fomit-frame-pointer -march=armv8-a -fPIC -std=gnu23 -c -target aarch64-linux-android24 -fomit-frame-pointer -march=armv8-a -fPIC -Wall -fexceptions -DANDROID -I/home/said/.buildozer/android/platform/android-ndk-r28c/toolchains/llvm/prebuilt/linux-x86_64/sysroot/usr/include -I/home/said/pygame/mygame/.buildozer/android/platform/build-arm64-v8a_armeabi-v7a/build/other_builds/python3/arm64-v8a__ndk_target_24/python3/android-build/android-root/include/python3.14 conftest.c >&5
configure:20843: $? = 0
configure:20843: /home/said/.buildozer/android/platform/android-ndk-r28c/toolchains/llvm/prebuilt/linux-x86_64/bin/clang -target aarch64-linux-android24 -fomit-frame-pointer -march=armv8-a -fPIC -std=gnu23 -c -target aarch64-linux-android24 -fomit-frame-pointer -march=armv8-a -fPIC -Wall -fexceptions -DANDROID -I/home/said/.buildozer/android/platform/android-ndk-r28c/toolchains/llvm/prebuilt/linux-x86_64/sysroot/usr/include -I/home/said/pygame/mygame/.buildozer/android/platform/build-arm64-v8a_armeabi-v7a/build/other_builds/python3/arm64-v8a__ndk_target_24/python3/android-build/android-root/include/python3.14 conftest.c >&5
conftest.c:65:24: error: 'test_array' declared as an array with a negative size
   65 | static int test_array [1 - 2 * !(((long int) (sizeof (double))) <= 0)];
      |                        ^~~~~~~~~~~~~~~~~~~~~~~~~~~~~~~~~~~~~~~~~~~~~~
1 error generated.
configure:20843: $? = 1
configure: failed program was:
| /* confdefs.h */
| #define PACKAGE_NAME "libffi"
| #define PACKAGE_TARNAME "libffi"
| #define PACKAGE_VERSION "3.4.2"
| #define PACKAGE_STRING "libffi 3.4.2"
| #define PACKAGE_BUGREPORT "http://github.com/libffi/libffi/issues"
| #define PACKAGE_URL ""
| #define PACKAGE "libffi"
| #define VERSION "3.4.2"
| #define HAVE_STDIO_H 1
| #define HAVE_STDLIB_H 1
| #define HAVE_STRING_H 1
| #define HAVE_INTTYPES_H 1
| #define HAVE_STDINT_H 1
| #define HAVE_STRINGS_H 1
| #define HAVE_SYS_STAT_H 1
| #define HAVE_SYS_TYPES_H 1
| #define HAVE_UNISTD_H 1
| #define STDC_HEADERS 1
| #define HAVE_DLFCN_H 1
| #define LT_OBJDIR ".libs/"
| #define SIZEOF_SIZE_T 8
| #define HAVE_SYS_MMAN_H 1
| #define HAVE_MMAP 1
| #define HAVE_MKOSTEMP 1
| #define HAVE_MKSTEMP 1
| #define HAVE_MMAP_FILE 1
| #define HAVE_MMAP_DEV_ZERO 1
| #define HAVE_MMAP_ANON 1
| #define HAVE_MEMCPY 1
| #define HAVE_ALLOCA_H 1
| #define HAVE_ALLOCA 1
| /* end confdefs.h.  */
| #include <stddef.h>
| #ifdef HAVE_STDIO_H
| # include <stdio.h>
| #endif
| #ifdef HAVE_STDLIB_H
| # include <stdlib.h>
| #endif
| #ifdef HAVE_STRING_H
| # include <string.h>
| #endif
| #ifdef HAVE_INTTYPES_H
| # include <inttypes.h>
| #endif
| #ifdef HAVE_STDINT_H
| # include <stdint.h>
| #endif
| #ifdef HAVE_STRINGS_H
| # include <strings.h>
| #endif
| #ifdef HAVE_SYS_TYPES_H
| # include <sys/types.h>
| #endif
| #ifdef HAVE_SYS_STAT_H
| # include <sys/stat.h>
| #endif
| #ifdef HAVE_UNISTD_H
| # include <unistd.h>
| #endif
| int
| main (void)
| {
| static int test_array [1 - 2 * !(((long int) (sizeof (double))) <= 0)];
| test_array [0] = 0;
| return test_array [0];
| 
|   ;
|   return 0;
| }
configure:20843: /home/said/.buildozer/android/platform/android-ndk-r28c/toolchains/llvm/prebuilt/linux-x86_64/bin/clang -target aarch64-linux-android24 -fomit-frame-pointer -march=armv8-a -fPIC -std=gnu23 -c -target aarch64-linux-android24 -fomit-frame-pointer -march=armv8-a -fPIC -Wall -fexceptions -DANDROID -I/home/said/.buildozer/android/platform/android-ndk-r28c/toolchains/llvm/prebuilt/linux-x86_64/sysroot/usr/include -I/home/said/pygame/mygame/.buildozer/android/platform/build-arm64-v8a_armeabi-v7a/build/other_builds/python3/arm64-v8a__ndk_target_24/python3/android-build/android-root/include/python3.14 conftest.c >&5
conftest.c:65:24: error: 'test_array' declared as an array with a negative size
   65 | static int test_array [1 - 2 * !(((long int) (sizeof (double))) <= 1)];
      |                        ^~~~~~~~~~~~~~~~~~~~~~~~~~~~~~~~~~~~~~~~~~~~~~
1 error generated.
configure:20843: $? = 1
configure: failed program was:
| /* confdefs.h */
| #define PACKAGE_NAME "libffi"
| #define PACKAGE_TARNAME "libffi"
| #define PACKAGE_VERSION "3.4.2"
| #define PACKAGE_STRING "libffi 3.4.2"
| #define PACKAGE_BUGREPORT "http://github.com/libffi/libffi/issues"
| #define PACKAGE_URL ""
| #define PACKAGE "libffi"
| #define VERSION "3.4.2"
| #define HAVE_STDIO_H 1
| #define HAVE_STDLIB_H 1
| #define HAVE_STRING_H 1
| #define HAVE_INTTYPES_H 1
| #define HAVE_STDINT_H 1
| #define HAVE_STRINGS_H 1
| #define HAVE_SYS_STAT_H 1
| #define HAVE_SYS_TYPES_H 1
| #define HAVE_UNISTD_H 1
| #define STDC_HEADERS 1
| #define HAVE_DLFCN_H 1
| #define LT_OBJDIR ".libs/"
| #define SIZEOF_SIZE_T 8
| #define HAVE_SYS_MMAN_H 1
| #define HAVE_MMAP 1
| #define HAVE_MKOSTEMP 1
| #define HAVE_MKSTEMP 1
| #define HAVE_MMAP_FILE 1
| #define HAVE_MMAP_DEV_ZERO 1
| #define HAVE_MMAP_ANON 1
| #define HAVE_MEMCPY 1
| #define HAVE_ALLOCA_H 1
| #define HAVE_ALLOCA 1
| /* end confdefs.h.  */
| #include <stddef.h>
| #ifdef HAVE_STDIO_H
| # include <stdio.h>
| #endif
| #ifdef HAVE_STDLIB_H
| # include <stdlib.h>
| #endif
| #ifdef HAVE_STRING_H
| # include <string.h>
| #endif
| #ifdef HAVE_INTTYPES_H
| # include <inttypes.h>
| #endif
| #ifdef HAVE_STDINT_H
| # include <stdint.h>
| #endif
| #ifdef HAVE_STRINGS_H
| # include <strings.h>
| #endif
| #ifdef HAVE_SYS_TYPES_H
| # include <sys/types.h>
| #endif
| #ifdef HAVE_SYS_STAT_H
| # include <sys/stat.h>
| #endif
| #ifdef HAVE_UNISTD_H
| # include <unistd.h>
| #endif
| int
| main (void)
| {
| static int test_array [1 - 2 * !(((long int) (sizeof (double))) <= 1)];
| test_array [0] = 0;
| return test_array [0];
| 
|   ;
|   return 0;
| }
configure:20843: /home/said/.buildozer/android/platform/android-ndk-r28c/toolchains/llvm/prebuilt/linux-x86_64/bin/clang -target aarch64-linux-android24 -fomit-frame-pointer -march=armv8-a -fPIC -std=gnu23 -c -target aarch64-linux-android24 -fomit-frame-pointer -march=armv8-a -fPIC -Wall -fexceptions -DANDROID -I/home/said/.buildozer/android/platform/android-ndk-r28c/toolchains/llvm/prebuilt/linux-x86_64/sysroot/usr/include -I/home/said/pygame/mygame/.buildozer/android/platform/build-arm64-v8a_armeabi-v7a/build/other_builds/python3/arm64-v8a__ndk_target_24/python3/android-build/android-root/include/python3.14 conftest.c >&5
conftest.c:65:24: error: 'test_array' declared as an array with a negative size
   65 | static int test_array [1 - 2 * !(((long int) (sizeof (double))) <= 3)];
      |                        ^~~~~~~~~~~~~~~~~~~~~~~~~~~~~~~~~~~~~~~~~~~~~~
1 error generated.
configure:20843: $? = 1
configure: failed program was:
| /* confdefs.h */
| #define PACKAGE_NAME "libffi"
| #define PACKAGE_TARNAME "libffi"
| #define PACKAGE_VERSION "3.4.2"
| #define PACKAGE_STRING "libffi 3.4.2"
| #define PACKAGE_BUGREPORT "http://github.com/libffi/libffi/issues"
| #define PACKAGE_URL ""
| #define PACKAGE "libffi"
| #define VERSION "3.4.2"
| #define HAVE_STDIO_H 1
| #define HAVE_STDLIB_H 1
| #define HAVE_STRING_H 1
| #define HAVE_INTTYPES_H 1
| #define HAVE_STDINT_H 1
| #define HAVE_STRINGS_H 1
| #define HAVE_SYS_STAT_H 1
| #define HAVE_SYS_TYPES_H 1
| #define HAVE_UNISTD_H 1
| #define STDC_HEADERS 1
| #define HAVE_DLFCN_H 1
| #define LT_OBJDIR ".libs/"
| #define SIZEOF_SIZE_T 8
| #define HAVE_SYS_MMAN_H 1
| #define HAVE_MMAP 1
| #define HAVE_MKOSTEMP 1
| #define HAVE_MKSTEMP 1
| #define HAVE_MMAP_FILE 1
| #define HAVE_MMAP_DEV_ZERO 1
| #define HAVE_MMAP_ANON 1
| #define HAVE_MEMCPY 1
| #define HAVE_ALLOCA_H 1
| #define HAVE_ALLOCA 1
| /* end confdefs.h.  */
| #include <stddef.h>
| #ifdef HAVE_STDIO_H
| # include <stdio.h>
| #endif
| #ifdef HAVE_STDLIB_H
| # include <stdlib.h>
| #endif
| #ifdef HAVE_STRING_H
| # include <string.h>
| #endif
| #ifdef HAVE_INTTYPES_H
| # include <inttypes.h>
| #endif
| #ifdef HAVE_STDINT_H
| # include <stdint.h>
| #endif
| #ifdef HAVE_STRINGS_H
| # include <strings.h>
| #endif
| #ifdef HAVE_SYS_TYPES_H
| # include <sys/types.h>
| #endif
| #ifdef HAVE_SYS_STAT_H
| # include <sys/stat.h>
| #endif
| #ifdef HAVE_UNISTD_H
| # include <unistd.h>
| #endif
| int
| main (void)
| {
| static int test_array [1 - 2 * !(((long int) (sizeof (double))) <= 3)];
| test_array [0] = 0;
| return test_array [0];
| 
|   ;
|   return 0;
| }
configure:20843: /home/said/.buildozer/android/platform/android-ndk-r28c/toolchains/llvm/prebuilt/linux-x86_64/bin/clang -target aarch64-linux-android24 -fomit-frame-pointer -march=armv8-a -fPIC -std=gnu23 -c -target aarch64-linux-android24 -fomit-frame-pointer -march=armv8-a -fPIC -Wall -fexceptions -DANDROID -I/home/said/.buildozer/android/platform/android-ndk-r28c/toolchains/llvm/prebuilt/linux-x86_64/sysroot/usr/include -I/home/said/pygame/mygame/.buildozer/android/platform/build-arm64-v8a_armeabi-v7a/build/other_builds/python3/arm64-v8a__ndk_target_24/python3/android-build/android-root/include/python3.14 conftest.c >&5
conftest.c:65:24: error: 'test_array' declared as an array with a negative size
   65 | static int test_array [1 - 2 * !(((long int) (sizeof (double))) <= 7)];
      |                        ^~~~~~~~~~~~~~~~~~~~~~~~~~~~~~~~~~~~~~~~~~~~~~
1 error generated.
configure:20843: $? = 1
configure: failed program was:
| /* confdefs.h */
| #define PACKAGE_NAME "libffi"
| #define PACKAGE_TARNAME "libffi"
| #define PACKAGE_VERSION "3.4.2"
| #define PACKAGE_STRING "libffi 3.4.2"
| #define PACKAGE_BUGREPORT "http://github.com/libffi/libffi/issues"
| #define PACKAGE_URL ""
| #define PACKAGE "libffi"
| #define VERSION "3.4.2"
| #define HAVE_STDIO_H 1
| #define HAVE_STDLIB_H 1
| #define HAVE_STRING_H 1
| #define HAVE_INTTYPES_H 1
| #define HAVE_STDINT_H 1
| #define HAVE_STRINGS_H 1
| #define HAVE_SYS_STAT_H 1
| #define HAVE_SYS_TYPES_H 1
| #define HAVE_UNISTD_H 1
| #define STDC_HEADERS 1
| #define HAVE_DLFCN_H 1
| #define LT_OBJDIR ".libs/"
| #define SIZEOF_SIZE_T 8
| #define HAVE_SYS_MMAN_H 1
| #define HAVE_MMAP 1
| #define HAVE_MKOSTEMP 1
| #define HAVE_MKSTEMP 1
| #define HAVE_MMAP_FILE 1
| #define HAVE_MMAP_DEV_ZERO 1
| #define HAVE_MMAP_ANON 1
| #define HAVE_MEMCPY 1
| #define HAVE_ALLOCA_H 1
| #define HAVE_ALLOCA 1
| /* end confdefs.h.  */
| #include <stddef.h>
| #ifdef HAVE_STDIO_H
| # include <stdio.h>
| #endif
| #ifdef HAVE_STDLIB_H
| # include <stdlib.h>
| #endif
| #ifdef HAVE_STRING_H
| # include <string.h>
| #endif
| #ifdef HAVE_INTTYPES_H
| # include <inttypes.h>
| #endif
| #ifdef HAVE_STDINT_H
| # include <stdint.h>
| #endif
| #ifdef HAVE_STRINGS_H
| # include <strings.h>
| #endif
| #ifdef HAVE_SYS_TYPES_H
| # include <sys/types.h>
| #endif
| #ifdef HAVE_SYS_STAT_H
| # include <sys/stat.h>
| #endif
| #ifdef HAVE_UNISTD_H
| # include <unistd.h>
| #endif
| int
| main (void)
| {
| static int test_array [1 - 2 * !(((long int) (sizeof (double))) <= 7)];
| test_array [0] = 0;
| return test_array [0];
| 
|   ;
|   return 0;
| }
configure:20843: /home/said/.buildozer/android/platform/android-ndk-r28c/toolchains/llvm/prebuilt/linux-x86_64/bin/clang -target aarch64-linux-android24 -fomit-frame-pointer -march=armv8-a -fPIC -std=gnu23 -c -target aarch64-linux-android24 -fomit-frame-pointer -march=armv8-a -fPIC -Wall -fexceptions -DANDROID -I/home/said/.buildozer/android/platform/android-ndk-r28c/toolchains/llvm/prebuilt/linux-x86_64/sysroot/usr/include -I/home/said/pygame/mygame/.buildozer/android/platform/build-arm64-v8a_armeabi-v7a/build/other_builds/python3/arm64-v8a__ndk_target_24/python3/android-build/android-root/include/python3.14 conftest.c >&5
configure:20843: $? = 0
configure:20843: /home/said/.buildozer/android/platform/android-ndk-r28c/toolchains/llvm/prebuilt/linux-x86_64/bin/clang -target aarch64-linux-android24 -fomit-frame-pointer -march=armv8-a -fPIC -std=gnu23 -c -target aarch64-linux-android24 -fomit-frame-pointer -march=armv8-a -fPIC -Wall -fexceptions -DANDROID -I/home/said/.buildozer/android/platform/android-ndk-r28c/toolchains/llvm/prebuilt/linux-x86_64/sysroot/usr/include -I/home/said/pygame/mygame/.buildozer/android/platform/build-arm64-v8a_armeabi-v7a/build/other_builds/python3/arm64-v8a__ndk_target_24/python3/android-build/android-root/include/python3.14 conftest.c >&5
configure:20843: $? = 0
configure:20843: /home/said/.buildozer/android/platform/android-ndk-r28c/toolchains/llvm/prebuilt/linux-x86_64/bin/clang -target aarch64-linux-android24 -fomit-frame-pointer -march=armv8-a -fPIC -std=gnu23 -c -target aarch64-linux-android24 -fomit-frame-pointer -march=armv8-a -fPIC -Wall -fexceptions -DANDROID -I/home/said/.buildozer/android/platform/android-ndk-r28c/toolchains/llvm/prebuilt/linux-x86_64/sysroot/usr/include -I/home/said/pygame/mygame/.buildozer/android/platform/build-arm64-v8a_armeabi-v7a/build/other_builds/python3/arm64-v8a__ndk_target_24/python3/android-build/android-root/include/python3.14 conftest.c >&5
configure:20843: $? = 0
configure:20843: /home/said/.buildozer/android/platform/android-ndk-r28c/toolchains/llvm/prebuilt/linux-x86_64/bin/clang -target aarch64-linux-android24 -fomit-frame-pointer -march=armv8-a -fPIC -std=gnu23 -c -target aarch64-linux-android24 -fomit-frame-pointer -march=armv8-a -fPIC -Wall -fexceptions -DANDROID -I/home/said/.buildozer/android/platform/android-ndk-r28c/toolchains/llvm/prebuilt/linux-x86_64/sysroot/usr/include -I/home/said/pygame/mygame/.buildozer/android/platform/build-arm64-v8a_armeabi-v7a/build/other_builds/python3/arm64-v8a__ndk_target_24/python3/android-build/android-root/include/python3.14 conftest.c >&5
configure:20843: $? = 0
configure:20853: result: 8
configure:20865: checking size of long double
configure:20871: /home/said/.buildozer/android/platform/android-ndk-r28c/toolchains/llvm/prebuilt/linux-x86_64/bin/clang -target aarch64-linux-android24 -fomit-frame-pointer -march=armv8-a -fPIC -std=gnu23 -c -target aarch64-linux-android24 -fomit-frame-pointer -march=armv8-a -fPIC -Wall -fexceptions -DANDROID -I/home/said/.buildozer/android/platform/android-ndk-r28c/toolchains/llvm/prebuilt/linux-x86_64/sysroot/usr/include -I/home/said/pygame/mygame/.buildozer/android/platform/build-arm64-v8a_armeabi-v7a/build/other_builds/python3/arm64-v8a__ndk_target_24/python3/android-build/android-root/include/python3.14 conftest.c >&5
configure:20871: $? = 0
configure:20871: /home/said/.buildozer/android/platform/android-ndk-r28c/toolchains/llvm/prebuilt/linux-x86_64/bin/clang -target aarch64-linux-android24 -fomit-frame-pointer -march=armv8-a -fPIC -std=gnu23 -c -target aarch64-linux-android24 -fomit-frame-pointer -march=armv8-a -fPIC -Wall -fexceptions -DANDROID -I/home/said/.buildozer/android/platform/android-ndk-r28c/toolchains/llvm/prebuilt/linux-x86_64/sysroot/usr/include -I/home/said/pygame/mygame/.buildozer/android/platform/build-arm64-v8a_armeabi-v7a/build/other_builds/python3/arm64-v8a__ndk_target_24/python3/android-build/android-root/include/python3.14 conftest.c >&5
conftest.c:66:24: error: 'test_array' declared as an array with a negative size
   66 | static int test_array [1 - 2 * !(((long int) (sizeof (long double))) <= 0)];
      |                        ^~~~~~~~~~~~~~~~~~~~~~~~~~~~~~~~~~~~~~~~~~~~~~~~~~~
1 error generated.
configure:20871: $? = 1
configure: failed program was:
| /* confdefs.h */
| #define PACKAGE_NAME "libffi"
| #define PACKAGE_TARNAME "libffi"
| #define PACKAGE_VERSION "3.4.2"
| #define PACKAGE_STRING "libffi 3.4.2"
| #define PACKAGE_BUGREPORT "http://github.com/libffi/libffi/issues"
| #define PACKAGE_URL ""
| #define PACKAGE "libffi"
| #define VERSION "3.4.2"
| #define HAVE_STDIO_H 1
| #define HAVE_STDLIB_H 1
| #define HAVE_STRING_H 1
| #define HAVE_INTTYPES_H 1
| #define HAVE_STDINT_H 1
| #define HAVE_STRINGS_H 1
| #define HAVE_SYS_STAT_H 1
| #define HAVE_SYS_TYPES_H 1
| #define HAVE_UNISTD_H 1
| #define STDC_HEADERS 1
| #define HAVE_DLFCN_H 1
| #define LT_OBJDIR ".libs/"
| #define SIZEOF_SIZE_T 8
| #define HAVE_SYS_MMAN_H 1
| #define HAVE_MMAP 1
| #define HAVE_MKOSTEMP 1
| #define HAVE_MKSTEMP 1
| #define HAVE_MMAP_FILE 1
| #define HAVE_MMAP_DEV_ZERO 1
| #define HAVE_MMAP_ANON 1
| #define HAVE_MEMCPY 1
| #define HAVE_ALLOCA_H 1
| #define HAVE_ALLOCA 1
| #define SIZEOF_DOUBLE 8
| /* end confdefs.h.  */
| #include <stddef.h>
| #ifdef HAVE_STDIO_H
| # include <stdio.h>
| #endif
| #ifdef HAVE_STDLIB_H
| # include <stdlib.h>
| #endif
| #ifdef HAVE_STRING_H
| # include <string.h>
| #endif
| #ifdef HAVE_INTTYPES_H
| # include <inttypes.h>
| #endif
| #ifdef HAVE_STDINT_H
| # include <stdint.h>
| #endif
| #ifdef HAVE_STRINGS_H
| # include <strings.h>
| #endif
| #ifdef HAVE_SYS_TYPES_H
| # include <sys/types.h>
| #endif
| #ifdef HAVE_SYS_STAT_H
| # include <sys/stat.h>
| #endif
| #ifdef HAVE_UNISTD_H
| # include <unistd.h>
| #endif
| int
| main (void)
| {
| static int test_array [1 - 2 * !(((long int) (sizeof (long double))) <= 0)];
| test_array [0] = 0;
| return test_array [0];
| 
|   ;
|   return 0;
| }
configure:20871: /home/said/.buildozer/android/platform/android-ndk-r28c/toolchains/llvm/prebuilt/linux-x86_64/bin/clang -target aarch64-linux-android24 -fomit-frame-pointer -march=armv8-a -fPIC -std=gnu23 -c -target aarch64-linux-android24 -fomit-frame-pointer -march=armv8-a -fPIC -Wall -fexceptions -DANDROID -I/home/said/.buildozer/android/platform/android-ndk-r28c/toolchains/llvm/prebuilt/linux-x86_64/sysroot/usr/include -I/home/said/pygame/mygame/.buildozer/android/platform/build-arm64-v8a_armeabi-v7a/build/other_builds/python3/arm64-v8a__ndk_target_24/python3/android-build/android-root/include/python3.14 conftest.c >&5
conftest.c:66:24: error: 'test_array' declared as an array with a negative size
   66 | static int test_array [1 - 2 * !(((long int) (sizeof (long double))) <= 1)];
      |                        ^~~~~~~~~~~~~~~~~~~~~~~~~~~~~~~~~~~~~~~~~~~~~~~~~~~
1 error generated.
configure:20871: $? = 1
configure: failed program was:
| /* confdefs.h */
| #define PACKAGE_NAME "libffi"
| #define PACKAGE_TARNAME "libffi"
| #define PACKAGE_VERSION "3.4.2"
| #define PACKAGE_STRING "libffi 3.4.2"
| #define PACKAGE_BUGREPORT "http://github.com/libffi/libffi/issues"
| #define PACKAGE_URL ""
| #define PACKAGE "libffi"
| #define VERSION "3.4.2"
| #define HAVE_STDIO_H 1
| #define HAVE_STDLIB_H 1
| #define HAVE_STRING_H 1
| #define HAVE_INTTYPES_H 1
| #define HAVE_STDINT_H 1
| #define HAVE_STRINGS_H 1
| #define HAVE_SYS_STAT_H 1
| #define HAVE_SYS_TYPES_H 1
| #define HAVE_UNISTD_H 1
| #define STDC_HEADERS 1
| #define HAVE_DLFCN_H 1
| #define LT_OBJDIR ".libs/"
| #define SIZEOF_SIZE_T 8
| #define HAVE_SYS_MMAN_H 1
| #define HAVE_MMAP 1
| #define HAVE_MKOSTEMP 1
| #define HAVE_MKSTEMP 1
| #define HAVE_MMAP_FILE 1
| #define HAVE_MMAP_DEV_ZERO 1
| #define HAVE_MMAP_ANON 1
| #define HAVE_MEMCPY 1
| #define HAVE_ALLOCA_H 1
| #define HAVE_ALLOCA 1
| #define SIZEOF_DOUBLE 8
| /* end confdefs.h.  */
| #include <stddef.h>
| #ifdef HAVE_STDIO_H
| # include <stdio.h>
| #endif
| #ifdef HAVE_STDLIB_H
| # include <stdlib.h>
| #endif
| #ifdef HAVE_STRING_H
| # include <string.h>
| #endif
| #ifdef HAVE_INTTYPES_H
| # include <inttypes.h>
| #endif
| #ifdef HAVE_STDINT_H
| # include <stdint.h>
| #endif
| #ifdef HAVE_STRINGS_H
| # include <strings.h>
| #endif
| #ifdef HAVE_SYS_TYPES_H
| # include <sys/types.h>
| #endif
| #ifdef HAVE_SYS_STAT_H
| # include <sys/stat.h>
| #endif
| #ifdef HAVE_UNISTD_H
| # include <unistd.h>
| #endif
| int
| main (void)
| {
| static int test_array [1 - 2 * !(((long int) (sizeof (long double))) <= 1)];
| test_array [0] = 0;
| return test_array [0];
| 
|   ;
|   return 0;
| }
configure:20871: /home/said/.buildozer/android/platform/android-ndk-r28c/toolchains/llvm/prebuilt/linux-x86_64/bin/clang -target aarch64-linux-android24 -fomit-frame-pointer -march=armv8-a -fPIC -std=gnu23 -c -target aarch64-linux-android24 -fomit-frame-pointer -march=armv8-a -fPIC -Wall -fexceptions -DANDROID -I/home/said/.buildozer/android/platform/android-ndk-r28c/toolchains/llvm/prebuilt/linux-x86_64/sysroot/usr/include -I/home/said/pygame/mygame/.buildozer/android/platform/build-arm64-v8a_armeabi-v7a/build/other_builds/python3/arm64-v8a__ndk_target_24/python3/android-build/android-root/include/python3.14 conftest.c >&5
conftest.c:66:24: error: 'test_array' declared as an array with a negative size
   66 | static int test_array [1 - 2 * !(((long int) (sizeof (long double))) <= 3)];
      |                        ^~~~~~~~~~~~~~~~~~~~~~~~~~~~~~~~~~~~~~~~~~~~~~~~~~~
1 error generated.
configure:20871: $? = 1
configure: failed program was:
| /* confdefs.h */
| #define PACKAGE_NAME "libffi"
| #define PACKAGE_TARNAME "libffi"
| #define PACKAGE_VERSION "3.4.2"
| #define PACKAGE_STRING "libffi 3.4.2"
| #define PACKAGE_BUGREPORT "http://github.com/libffi/libffi/issues"
| #define PACKAGE_URL ""
| #define PACKAGE "libffi"
| #define VERSION "3.4.2"
| #define HAVE_STDIO_H 1
| #define HAVE_STDLIB_H 1
| #define HAVE_STRING_H 1
| #define HAVE_INTTYPES_H 1
| #define HAVE_STDINT_H 1
| #define HAVE_STRINGS_H 1
| #define HAVE_SYS_STAT_H 1
| #define HAVE_SYS_TYPES_H 1
| #define HAVE_UNISTD_H 1
| #define STDC_HEADERS 1
| #define HAVE_DLFCN_H 1
| #define LT_OBJDIR ".libs/"
| #define SIZEOF_SIZE_T 8
| #define HAVE_SYS_MMAN_H 1
| #define HAVE_MMAP 1
| #define HAVE_MKOSTEMP 1
| #define HAVE_MKSTEMP 1
| #define HAVE_MMAP_FILE 1
| #define HAVE_MMAP_DEV_ZERO 1
| #define HAVE_MMAP_ANON 1
| #define HAVE_MEMCPY 1
| #define HAVE_ALLOCA_H 1
| #define HAVE_ALLOCA 1
| #define SIZEOF_DOUBLE 8
| /* end confdefs.h.  */
| #include <stddef.h>
| #ifdef HAVE_STDIO_H
| # include <stdio.h>
| #endif
| #ifdef HAVE_STDLIB_H
| # include <stdlib.h>
| #endif
| #ifdef HAVE_STRING_H
| # include <string.h>
| #endif
| #ifdef HAVE_INTTYPES_H
| # include <inttypes.h>
| #endif
| #ifdef HAVE_STDINT_H
| # include <stdint.h>
| #endif
| #ifdef HAVE_STRINGS_H
| # include <strings.h>
| #endif
| #ifdef HAVE_SYS_TYPES_H
| # include <sys/types.h>
| #endif
| #ifdef HAVE_SYS_STAT_H
| # include <sys/stat.h>
| #endif
| #ifdef HAVE_UNISTD_H
| # include <unistd.h>
| #endif
| int
| main (void)
| {
| static int test_array [1 - 2 * !(((long int) (sizeof (long double))) <= 3)];
| test_array [0] = 0;
| return test_array [0];
| 
|   ;
|   return 0;
| }
configure:20871: /home/said/.buildozer/android/platform/android-ndk-r28c/toolchains/llvm/prebuilt/linux-x86_64/bin/clang -target aarch64-linux-android24 -fomit-frame-pointer -march=armv8-a -fPIC -std=gnu23 -c -target aarch64-linux-android24 -fomit-frame-pointer -march=armv8-a -fPIC -Wall -fexceptions -DANDROID -I/home/said/.buildozer/android/platform/android-ndk-r28c/toolchains/llvm/prebuilt/linux-x86_64/sysroot/usr/include -I/home/said/pygame/mygame/.buildozer/android/platform/build-arm64-v8a_armeabi-v7a/build/other_builds/python3/arm64-v8a__ndk_target_24/python3/android-build/android-root/include/python3.14 conftest.c >&5
conftest.c:66:24: error: 'test_array' declared as an array with a negative size
   66 | static int test_array [1 - 2 * !(((long int) (sizeof (long double))) <= 7)];
      |                        ^~~~~~~~~~~~~~~~~~~~~~~~~~~~~~~~~~~~~~~~~~~~~~~~~~~
1 error generated.
configure:20871: $? = 1
configure: failed program was:
| /* confdefs.h */
| #define PACKAGE_NAME "libffi"
| #define PACKAGE_TARNAME "libffi"
| #define PACKAGE_VERSION "3.4.2"
| #define PACKAGE_STRING "libffi 3.4.2"
| #define PACKAGE_BUGREPORT "http://github.com/libffi/libffi/issues"
| #define PACKAGE_URL ""
| #define PACKAGE "libffi"
| #define VERSION "3.4.2"
| #define HAVE_STDIO_H 1
| #define HAVE_STDLIB_H 1
| #define HAVE_STRING_H 1
| #define HAVE_INTTYPES_H 1
| #define HAVE_STDINT_H 1
| #define HAVE_STRINGS_H 1
| #define HAVE_SYS_STAT_H 1
| #define HAVE_SYS_TYPES_H 1
| #define HAVE_UNISTD_H 1
| #define STDC_HEADERS 1
| #define HAVE_DLFCN_H 1
| #define LT_OBJDIR ".libs/"
| #define SIZEOF_SIZE_T 8
| #define HAVE_SYS_MMAN_H 1
| #define HAVE_MMAP 1
| #define HAVE_MKOSTEMP 1
| #define HAVE_MKSTEMP 1
| #define HAVE_MMAP_FILE 1
| #define HAVE_MMAP_DEV_ZERO 1
| #define HAVE_MMAP_ANON 1
| #define HAVE_MEMCPY 1
| #define HAVE_ALLOCA_H 1
| #define HAVE_ALLOCA 1
| #define SIZEOF_DOUBLE 8
| /* end confdefs.h.  */
| #include <stddef.h>
| #ifdef HAVE_STDIO_H
| # include <stdio.h>
| #endif
| #ifdef HAVE_STDLIB_H
| # include <stdlib.h>
| #endif
| #ifdef HAVE_STRING_H
| # include <string.h>
| #endif
| #ifdef HAVE_INTTYPES_H
| # include <inttypes.h>
| #endif
| #ifdef HAVE_STDINT_H
| # include <stdint.h>
| #endif
| #ifdef HAVE_STRINGS_H
| # include <strings.h>
| #endif
| #ifdef HAVE_SYS_TYPES_H
| # include <sys/types.h>
| #endif
| #ifdef HAVE_SYS_STAT_H
| # include <sys/stat.h>
| #endif
| #ifdef HAVE_UNISTD_H
| # include <unistd.h>
| #endif
| int
| main (void)
| {
| static int test_array [1 - 2 * !(((long int) (sizeof (long double))) <= 7)];
| test_array [0] = 0;
| return test_array [0];
| 
|   ;
|   return 0;
| }
configure:20871: /home/said/.buildozer/android/platform/android-ndk-r28c/toolchains/llvm/prebuilt/linux-x86_64/bin/clang -target aarch64-linux-android24 -fomit-frame-pointer -march=armv8-a -fPIC -std=gnu23 -c -target aarch64-linux-android24 -fomit-frame-pointer -march=armv8-a -fPIC -Wall -fexceptions -DANDROID -I/home/said/.buildozer/android/platform/android-ndk-r28c/toolchains/llvm/prebuilt/linux-x86_64/sysroot/usr/include -I/home/said/pygame/mygame/.buildozer/android/platform/build-arm64-v8a_armeabi-v7a/build/other_builds/python3/arm64-v8a__ndk_target_24/python3/android-build/android-root/include/python3.14 conftest.c >&5
conftest.c:66:24: error: 'test_array' declared as an array with a negative size
   66 | static int test_array [1 - 2 * !(((long int) (sizeof (long double))) <= 15)];
      |                        ^~~~~~~~~~~~~~~~~~~~~~~~~~~~~~~~~~~~~~~~~~~~~~~~~~~~
1 error generated.
configure:20871: $? = 1
configure: failed program was:
| /* confdefs.h */
| #define PACKAGE_NAME "libffi"
| #define PACKAGE_TARNAME "libffi"
| #define PACKAGE_VERSION "3.4.2"
| #define PACKAGE_STRING "libffi 3.4.2"
| #define PACKAGE_BUGREPORT "http://github.com/libffi/libffi/issues"
| #define PACKAGE_URL ""
| #define PACKAGE "libffi"
| #define VERSION "3.4.2"
| #define HAVE_STDIO_H 1
| #define HAVE_STDLIB_H 1
| #define HAVE_STRING_H 1
| #define HAVE_INTTYPES_H 1
| #define HAVE_STDINT_H 1
| #define HAVE_STRINGS_H 1
| #define HAVE_SYS_STAT_H 1
| #define HAVE_SYS_TYPES_H 1
| #define HAVE_UNISTD_H 1
| #define STDC_HEADERS 1
| #define HAVE_DLFCN_H 1
| #define LT_OBJDIR ".libs/"
| #define SIZEOF_SIZE_T 8
| #define HAVE_SYS_MMAN_H 1
| #define HAVE_MMAP 1
| #define HAVE_MKOSTEMP 1
| #define HAVE_MKSTEMP 1
| #define HAVE_MMAP_FILE 1
| #define HAVE_MMAP_DEV_ZERO 1
| #define HAVE_MMAP_ANON 1
| #define HAVE_MEMCPY 1
| #define HAVE_ALLOCA_H 1
| #define HAVE_ALLOCA 1
| #define SIZEOF_DOUBLE 8
| /* end confdefs.h.  */
| #include <stddef.h>
| #ifdef HAVE_STDIO_H
| # include <stdio.h>
| #endif
| #ifdef HAVE_STDLIB_H
| # include <stdlib.h>
| #endif
| #ifdef HAVE_STRING_H
| # include <string.h>
| #endif
| #ifdef HAVE_INTTYPES_H
| # include <inttypes.h>
| #endif
| #ifdef HAVE_STDINT_H
| # include <stdint.h>
| #endif
| #ifdef HAVE_STRINGS_H
| # include <strings.h>
| #endif
| #ifdef HAVE_SYS_TYPES_H
| # include <sys/types.h>
| #endif
| #ifdef HAVE_SYS_STAT_H
| # include <sys/stat.h>
| #endif
| #ifdef HAVE_UNISTD_H
| # include <unistd.h>
| #endif
| int
| main (void)
| {
| static int test_array [1 - 2 * !(((long int) (sizeof (long double))) <= 15)];
| test_array [0] = 0;
| return test_array [0];
| 
|   ;
|   return 0;
| }
configure:20871: /home/said/.buildozer/android/platform/android-ndk-r28c/toolchains/llvm/prebuilt/linux-x86_64/bin/clang -target aarch64-linux-android24 -fomit-frame-pointer -march=armv8-a -fPIC -std=gnu23 -c -target aarch64-linux-android24 -fomit-frame-pointer -march=armv8-a -fPIC -Wall -fexceptions -DANDROID -I/home/said/.buildozer/android/platform/android-ndk-r28c/toolchains/llvm/prebuilt/linux-x86_64/sysroot/usr/include -I/home/said/pygame/mygame/.buildozer/android/platform/build-arm64-v8a_armeabi-v7a/build/other_builds/python3/arm64-v8a__ndk_target_24/python3/android-build/android-root/include/python3.14 conftest.c >&5
configure:20871: $? = 0
configure:20871: /home/said/.buildozer/android/platform/android-ndk-r28c/toolchains/llvm/prebuilt/linux-x86_64/bin/clang -target aarch64-linux-android24 -fomit-frame-pointer -march=armv8-a -fPIC -std=gnu23 -c -target aarch64-linux-android24 -fomit-frame-pointer -march=armv8-a -fPIC -Wall -fexceptions -DANDROID -I/home/said/.buildozer/android/platform/android-ndk-r28c/toolchains/llvm/prebuilt/linux-x86_64/sysroot/usr/include -I/home/said/pygame/mygame/.buildozer/android/platform/build-arm64-v8a_armeabi-v7a/build/other_builds/python3/arm64-v8a__ndk_target_24/python3/android-build/android-root/include/python3.14 conftest.c >&5
configure:20871: $? = 0
configure:20871: /home/said/.buildozer/android/platform/android-ndk-r28c/toolchains/llvm/prebuilt/linux-x86_64/bin/clang -target aarch64-linux-android24 -fomit-frame-pointer -march=armv8-a -fPIC -std=gnu23 -c -target aarch64-linux-android24 -fomit-frame-pointer -march=armv8-a -fPIC -Wall -fexceptions -DANDROID -I/home/said/.buildozer/android/platform/android-ndk-r28c/toolchains/llvm/prebuilt/linux-x86_64/sysroot/usr/include -I/home/said/pygame/mygame/.buildozer/android/platform/build-arm64-v8a_armeabi-v7a/build/other_builds/python3/arm64-v8a__ndk_target_24/python3/android-build/android-root/include/python3.14 conftest.c >&5
configure:20871: $? = 0
configure:20871: /home/said/.buildozer/android/platform/android-ndk-r28c/toolchains/llvm/prebuilt/linux-x86_64/bin/clang -target aarch64-linux-android24 -fomit-frame-pointer -march=armv8-a -fPIC -std=gnu23 -c -target aarch64-linux-android24 -fomit-frame-pointer -march=armv8-a -fPIC -Wall -fexceptions -DANDROID -I/home/said/.buildozer/android/platform/android-ndk-r28c/toolchains/llvm/prebuilt/linux-x86_64/sysroot/usr/include -I/home/said/pygame/mygame/.buildozer/android/platform/build-arm64-v8a_armeabi-v7a/build/other_builds/python3/arm64-v8a__ndk_target_24/python3/android-build/android-root/include/python3.14 conftest.c >&5
configure:20871: $? = 0
configure:20871: /home/said/.buildozer/android/platform/android-ndk-r28c/toolchains/llvm/prebuilt/linux-x86_64/bin/clang -target aarch64-linux-android24 -fomit-frame-pointer -march=armv8-a -fPIC -std=gnu23 -c -target aarch64-linux-android24 -fomit-frame-pointer -march=armv8-a -fPIC -Wall -fexceptions -DANDROID -I/home/said/.buildozer/android/platform/android-ndk-r28c/toolchains/llvm/prebuilt/linux-x86_64/sysroot/usr/include -I/home/said/pygame/mygame/.buildozer/android/platform/build-arm64-v8a_armeabi-v7a/build/other_builds/python3/arm64-v8a__ndk_target_24/python3/android-build/android-root/include/python3.14 conftest.c >&5
configure:20871: $? = 0
configure:20881: result: 16
configure:20912: checking whether byte ordering is bigendian
configure:20928: /home/said/.buildozer/android/platform/android-ndk-r28c/toolchains/llvm/prebuilt/linux-x86_64/bin/clang -target aarch64-linux-android24 -fomit-frame-pointer -march=armv8-a -fPIC -std=gnu23 -c -target aarch64-linux-android24 -fomit-frame-pointer -march=armv8-a -fPIC -Wall -fexceptions -DANDROID -I/home/said/.buildozer/android/platform/android-ndk-r28c/toolchains/llvm/prebuilt/linux-x86_64/sysroot/usr/include -I/home/said/pygame/mygame/.buildozer/android/platform/build-arm64-v8a_armeabi-v7a/build/other_builds/python3/arm64-v8a__ndk_target_24/python3/android-build/android-root/include/python3.14 conftest.c >&5
conftest.c:38:9: error: unknown type name 'not'
   38 |                not a universal capable compiler
      |                ^
conftest.c:38:14: error: expected ';' after top level declarator
   38 |                not a universal capable compiler
      |                     ^
      |                     ;
2 errors generated.
configure:20928: $? = 1
configure: failed program was:
| /* confdefs.h */
| #define PACKAGE_NAME "libffi"
| #define PACKAGE_TARNAME "libffi"
| #define PACKAGE_VERSION "3.4.2"
| #define PACKAGE_STRING "libffi 3.4.2"
| #define PACKAGE_BUGREPORT "http://github.com/libffi/libffi/issues"
| #define PACKAGE_URL ""
| #define PACKAGE "libffi"
| #define VERSION "3.4.2"
| #define HAVE_STDIO_H 1
| #define HAVE_STDLIB_H 1
| #define HAVE_STRING_H 1
| #define HAVE_INTTYPES_H 1
| #define HAVE_STDINT_H 1
| #define HAVE_STRINGS_H 1
| #define HAVE_SYS_STAT_H 1
| #define HAVE_SYS_TYPES_H 1
| #define HAVE_UNISTD_H 1
| #define STDC_HEADERS 1
| #define HAVE_DLFCN_H 1
| #define LT_OBJDIR ".libs/"
| #define SIZEOF_SIZE_T 8
| #define HAVE_SYS_MMAN_H 1
| #define HAVE_MMAP 1
| #define HAVE_MKOSTEMP 1
| #define HAVE_MKSTEMP 1
| #define HAVE_MMAP_FILE 1
| #define HAVE_MMAP_DEV_ZERO 1
| #define HAVE_MMAP_ANON 1
| #define HAVE_MEMCPY 1
| #define HAVE_ALLOCA_H 1
| #define HAVE_ALLOCA 1
| #define SIZEOF_DOUBLE 8
| #define SIZEOF_LONG_DOUBLE 16
| #define HAVE_LONG_DOUBLE 1
| /* end confdefs.h.  */
| #ifndef __APPLE_CC__
| 	       not a universal capable compiler
| 	     #endif
| 	     typedef int dummy;
| 
configure:20974: /home/said/.buildozer/android/platform/android-ndk-r28c/toolchains/llvm/prebuilt/linux-x86_64/bin/clang -target aarch64-linux-android24 -fomit-frame-pointer -march=armv8-a -fPIC -std=gnu23 -c -target aarch64-linux-android24 -fomit-frame-pointer -march=armv8-a -fPIC -Wall -fexceptions -DANDROID -I/home/said/.buildozer/android/platform/android-ndk-r28c/toolchains/llvm/prebuilt/linux-x86_64/sysroot/usr/include -I/home/said/pygame/mygame/.buildozer/android/platform/build-arm64-v8a_armeabi-v7a/build/other_builds/python3/arm64-v8a__ndk_target_24/python3/android-build/android-root/include/python3.14 conftest.c >&5
configure:20974: $? = 0
configure:20993: /home/said/.buildozer/android/platform/android-ndk-r28c/toolchains/llvm/prebuilt/linux-x86_64/bin/clang -target aarch64-linux-android24 -fomit-frame-pointer -march=armv8-a -fPIC -std=gnu23 -c -target aarch64-linux-android24 -fomit-frame-pointer -march=armv8-a -fPIC -Wall -fexceptions -DANDROID -I/home/said/.buildozer/android/platform/android-ndk-r28c/toolchains/llvm/prebuilt/linux-x86_64/sysroot/usr/include -I/home/said/pygame/mygame/.buildozer/android/platform/build-arm64-v8a_armeabi-v7a/build/other_builds/python3/arm64-v8a__ndk_target_24/python3/android-build/android-root/include/python3.14 conftest.c >&5
conftest.c:44:4: error: use of undeclared identifier 'not'
   44 |                  not big endian
      |                  ^
1 error generated.
configure:20993: $? = 1
configure: failed program was:
| /* confdefs.h */
| #define PACKAGE_NAME "libffi"
| #define PACKAGE_TARNAME "libffi"
| #define PACKAGE_VERSION "3.4.2"
| #define PACKAGE_STRING "libffi 3.4.2"
| #define PACKAGE_BUGREPORT "http://github.com/libffi/libffi/issues"
| #define PACKAGE_URL ""
| #define PACKAGE "libffi"
| #define VERSION "3.4.2"
| #define HAVE_STDIO_H 1
| #define HAVE_STDLIB_H 1
| #define HAVE_STRING_H 1
| #define HAVE_INTTYPES_H 1
| #define HAVE_STDINT_H 1
| #define HAVE_STRINGS_H 1
| #define HAVE_SYS_STAT_H 1
| #define HAVE_SYS_TYPES_H 1
| #define HAVE_UNISTD_H 1
| #define STDC_HEADERS 1
| #define HAVE_DLFCN_H 1
| #define LT_OBJDIR ".libs/"
| #define SIZEOF_SIZE_T 8
| #define HAVE_SYS_MMAN_H 1
| #define HAVE_MMAP 1
| #define HAVE_MKOSTEMP 1
| #define HAVE_MKSTEMP 1
| #define HAVE_MMAP_FILE 1
| #define HAVE_MMAP_DEV_ZERO 1
| #define HAVE_MMAP_ANON 1
| #define HAVE_MEMCPY 1
| #define HAVE_ALLOCA_H 1
| #define HAVE_ALLOCA 1
| #define SIZEOF_DOUBLE 8
| #define SIZEOF_LONG_DOUBLE 16
| #define HAVE_LONG_DOUBLE 1
| /* end confdefs.h.  */
| #include <sys/types.h>
| 		#include <sys/param.h>
| 
| int
| main (void)
| {
| #if BYTE_ORDER != BIG_ENDIAN
| 		 not big endian
| 		#endif
| 
|   ;
|   return 0;
| }
configure:21134: result: no
configure:21153: checking assembler .cfi pseudo-op support
configure:21172: /home/said/.buildozer/android/platform/android-ndk-r28c/toolchains/llvm/prebuilt/linux-x86_64/bin/clang -target aarch64-linux-android24 -fomit-frame-pointer -march=armv8-a -fPIC -std=gnu23 -c -target aarch64-linux-android24 -fomit-frame-pointer -march=armv8-a -fPIC -Wall -fexceptions -DANDROID -I/home/said/.buildozer/android/platform/android-ndk-r28c/toolchains/llvm/prebuilt/linux-x86_64/sysroot/usr/include -I/home/said/pygame/mygame/.buildozer/android/platform/build-arm64-v8a_armeabi-v7a/build/other_builds/python3/arm64-v8a__ndk_target_24/python3/android-build/android-root/include/python3.14 conftest.c >&5
configure:21172: $? = 0
configure:21183: result: yes
configure:21330: checking whether compiler supports pointer authentication
configure:21359: /home/said/.buildozer/android/platform/android-ndk-r28c/toolchains/llvm/prebuilt/linux-x86_64/bin/clang -target aarch64-linux-android24 -fomit-frame-pointer -march=armv8-a -fPIC -std=gnu23 -c -target aarch64-linux-android24 -fomit-frame-pointer -march=armv8-a -fPIC -Wall -fexceptions -DANDROID -I/home/said/.buildozer/android/platform/android-ndk-r28c/toolchains/llvm/prebuilt/linux-x86_64/sysroot/usr/include -I/home/said/pygame/mygame/.buildozer/android/platform/build-arm64-v8a_armeabi-v7a/build/other_builds/python3/arm64-v8a__ndk_target_24/python3/android-build/android-root/include/python3.14 conftest.c >&5
conftest.c:50:3: error: Pointer authentication not supported
   50 | # error Pointer authentication not supported
      |   ^
1 error generated.
configure:21359: $? = 1
configure: failed program was:
| /* confdefs.h */
| #define PACKAGE_NAME "libffi"
| #define PACKAGE_TARNAME "libffi"
| #define PACKAGE_VERSION "3.4.2"
| #define PACKAGE_STRING "libffi 3.4.2"
| #define PACKAGE_BUGREPORT "http://github.com/libffi/libffi/issues"
| #define PACKAGE_URL ""
| #define PACKAGE "libffi"
| #define VERSION "3.4.2"
| #define HAVE_STDIO_H 1
| #define HAVE_STDLIB_H 1
| #define HAVE_STRING_H 1
| #define HAVE_INTTYPES_H 1
| #define HAVE_STDINT_H 1
| #define HAVE_STRINGS_H 1
| #define HAVE_SYS_STAT_H 1
| #define HAVE_SYS_TYPES_H 1
| #define HAVE_UNISTD_H 1
| #define STDC_HEADERS 1
| #define HAVE_DLFCN_H 1
| #define LT_OBJDIR ".libs/"
| #define SIZEOF_SIZE_T 8
| #define HAVE_SYS_MMAN_H 1
| #define HAVE_MMAP 1
| #define HAVE_MKOSTEMP 1
| #define HAVE_MKSTEMP 1
| #define HAVE_MMAP_FILE 1
| #define HAVE_MMAP_DEV_ZERO 1
| #define HAVE_MMAP_ANON 1
| #define HAVE_MEMCPY 1
| #define HAVE_ALLOCA_H 1
| #define HAVE_ALLOCA 1
| #define SIZEOF_DOUBLE 8
| #define SIZEOF_LONG_DOUBLE 16
| #define HAVE_LONG_DOUBLE 1
| #define HAVE_AS_CFI_PSEUDO_OP 1
| /* end confdefs.h.  */
| 
| int
| main (void)
| {
| 
| #ifdef __clang__
| # if __has_feature(ptrauth_calls)
| #  define HAVE_PTRAUTH 1
| # endif
| #endif
| 
| #ifndef HAVE_PTRAUTH
| # error Pointer authentication not supported
| #endif
| 
|   ;
|   return 0;
| }
configure:21370: result: no
configure:21390: checking for _ prefix in compiled symbols
configure:21401: /home/said/.buildozer/android/platform/android-ndk-r28c/toolchains/llvm/prebuilt/linux-x86_64/bin/clang -target aarch64-linux-android24 -fomit-frame-pointer -march=armv8-a -fPIC -std=gnu23 -c -target aarch64-linux-android24 -fomit-frame-pointer -march=armv8-a -fPIC -Wall -fexceptions -DANDROID -I/home/said/.buildozer/android/platform/android-ndk-r28c/toolchains/llvm/prebuilt/linux-x86_64/sysroot/usr/include -I/home/said/pygame/mygame/.buildozer/android/platform/build-arm64-v8a_armeabi-v7a/build/other_builds/python3/arm64-v8a__ndk_target_24/python3/android-build/android-root/include/python3.14 conftest.c >&5
conftest.c:2:16: warning: expression result unused [-Wunused-value]
    2 | int main(void){nm_test_func;return 0;}
      |                ^~~~~~~~~~~~
1 warning generated.
configure:21404: $? = 0
configure:21408: nm conftest.o \| /usr/bin/sed -n -e 's/^.*[	 ]\([ABCDGIRSTW][ABCDGIRSTW]*\)[	 ][	 ]*\([_A-Za-z][_A-Za-z0-9]*\)$/\1 \2 \2/p' | /usr/bin/sed '/ __gnu_lto/d' \> conftest.nm
configure:21411: $? = 0
configure:21434: result: no
configure:21511: checking whether C compiler accepts -fno-lto
configure:21531: /home/said/.buildozer/android/platform/android-ndk-r28c/toolchains/llvm/prebuilt/linux-x86_64/bin/clang -target aarch64-linux-android24 -fomit-frame-pointer -march=armv8-a -fPIC -std=gnu23 -c -target aarch64-linux-android24 -fomit-frame-pointer -march=armv8-a -fPIC -Wall -fexceptions  -fno-lto -DANDROID -I/home/said/.buildozer/android/platform/android-ndk-r28c/toolchains/llvm/prebuilt/linux-x86_64/sysroot/usr/include -I/home/said/pygame/mygame/.buildozer/android/platform/build-arm64-v8a_armeabi-v7a/build/other_builds/python3/arm64-v8a__ndk_target_24/python3/android-build/android-root/include/python3.14 conftest.c >&5
configure:21531: $? = 0
configure:21542: result: yes
configure:21553: checking whether .eh_frame section should be read-only
configure:21571: result: yes
configure:21586: checking for __attribute__((visibility("hidden")))
configure:21596: /home/said/.buildozer/android/platform/android-ndk-r28c/toolchains/llvm/prebuilt/linux-x86_64/bin/clang -target aarch64-linux-android24 -fomit-frame-pointer -march=armv8-a -fPIC -std=gnu23 -Werror -S conftest.c -o conftest.s 1>&5
configure:21599: $? = 0
configure:21609: result: yes
configure:21776: checking for ld used by /home/said/.buildozer/android/platform/android-ndk-r28c/toolchains/llvm/prebuilt/linux-x86_64/bin/clang -target aarch64-linux-android24 -fomit-frame-pointer -march=armv8-a -fPIC -std=gnu23
configure:21845: result: /home/said/.buildozer/android/platform/android-ndk-r28c/toolchains/llvm/prebuilt/linux-x86_64/bin/ld
configure:21852: checking if the linker (/home/said/.buildozer/android/platform/android-ndk-r28c/toolchains/llvm/prebuilt/linux-x86_64/bin/ld) is GNU ld
configure:21869: result: yes
configure:22049: checking for shared libgcc
configure:22064: /home/said/.buildozer/android/platform/android-ndk-r28c/toolchains/llvm/prebuilt/linux-x86_64/bin/clang -target aarch64-linux-android24 -fomit-frame-pointer -march=armv8-a -fPIC -std=gnu23 -o conftest  -lgcc_s -DANDROID -I/home/said/.buildozer/android/platform/android-ndk-r28c/toolchains/llvm/prebuilt/linux-x86_64/sysroot/usr/include -I/home/said/pygame/mygame/.buildozer/android/platform/build-arm64-v8a_armeabi-v7a/build/other_builds/python3/arm64-v8a__ndk_target_24/python3/android-build/android-root/include/python3.14   -L/home/said/pygame/mygame/.buildozer/android/platform/build-arm64-v8a_armeabi-v7a/build/libs_collections/innovationdino/arm64-v8a conftest.c  >&5
ld.lld: error: unable to find library -lgcc_s
clang: error: linker command failed with exit code 1 (use -v to see invocation)
configure:22064: $? = 1
configure: failed program was:
| /* confdefs.h */
| #define PACKAGE_NAME "libffi"
| #define PACKAGE_TARNAME "libffi"
| #define PACKAGE_VERSION "3.4.2"
| #define PACKAGE_STRING "libffi 3.4.2"
| #define PACKAGE_BUGREPORT "http://github.com/libffi/libffi/issues"
| #define PACKAGE_URL ""
| #define PACKAGE "libffi"
| #define VERSION "3.4.2"
| #define HAVE_STDIO_H 1
| #define HAVE_STDLIB_H 1
| #define HAVE_STRING_H 1
| #define HAVE_INTTYPES_H 1
| #define HAVE_STDINT_H 1
| #define HAVE_STRINGS_H 1
| #define HAVE_SYS_STAT_H 1
| #define HAVE_SYS_TYPES_H 1
| #define HAVE_UNISTD_H 1
| #define STDC_HEADERS 1
| #define HAVE_DLFCN_H 1
| #define LT_OBJDIR ".libs/"
| #define SIZEOF_SIZE_T 8
| #define HAVE_SYS_MMAN_H 1
| #define HAVE_MMAP 1
| #define HAVE_MKOSTEMP 1
| #define HAVE_MKSTEMP 1
| #define HAVE_MMAP_FILE 1
| #define HAVE_MMAP_DEV_ZERO 1
| #define HAVE_MMAP_ANON 1
| #define HAVE_MEMCPY 1
| #define HAVE_ALLOCA_H 1
| #define HAVE_ALLOCA 1
| #define SIZEOF_DOUBLE 8
| #define SIZEOF_LONG_DOUBLE 16
| #define HAVE_LONG_DOUBLE 1
| #define HAVE_AS_CFI_PSEUDO_OP 1
| #define FFI_MMAP_EXEC_WRIT 1
| #define HAVE_RO_EH_FRAME 1
| #define EH_FRAME_FLAGS "a"
| #define HAVE_HIDDEN_VISIBILITY_ATTRIBUTE 1
| #define FFI_EXEC_STATIC_TRAMP 1
| /* end confdefs.h.  */
| 
| int
| main (void)
| {
| return 0;
|   ;
|   return 0;
| }
configure:22096: /home/said/.buildozer/android/platform/android-ndk-r28c/toolchains/llvm/prebuilt/linux-x86_64/bin/clang -target aarch64-linux-android24 -fomit-frame-pointer -march=armv8-a -fPIC -std=gnu23 -o conftest  -lgcc_s -DANDROID -I/home/said/.buildozer/android/platform/android-ndk-r28c/toolchains/llvm/prebuilt/linux-x86_64/sysroot/usr/include -I/home/said/pygame/mygame/.buildozer/android/platform/build-arm64-v8a_armeabi-v7a/build/other_builds/python3/arm64-v8a__ndk_target_24/python3/android-build/android-root/include/python3.14   -L/home/said/pygame/mygame/.buildozer/android/platform/build-arm64-v8a_armeabi-v7a/build/libs_collections/innovationdino/arm64-v8a conftest.c  >&5
ld.lld: error: unable to find library -lgcc_s
clang: error: linker command failed with exit code 1 (use -v to see invocation)
configure:22096: $? = 1
configure: failed program was:
| /* confdefs.h */
| #define PACKAGE_NAME "libffi"
| #define PACKAGE_TARNAME "libffi"
| #define PACKAGE_VERSION "3.4.2"
| #define PACKAGE_STRING "libffi 3.4.2"
| #define PACKAGE_BUGREPORT "http://github.com/libffi/libffi/issues"
| #define PACKAGE_URL ""
| #define PACKAGE "libffi"
| #define VERSION "3.4.2"
| #define HAVE_STDIO_H 1
| #define HAVE_STDLIB_H 1
| #define HAVE_STRING_H 1
| #define HAVE_INTTYPES_H 1
| #define HAVE_STDINT_H 1
| #define HAVE_STRINGS_H 1
| #define HAVE_SYS_STAT_H 1
| #define HAVE_SYS_TYPES_H 1
| #define HAVE_UNISTD_H 1
| #define STDC_HEADERS 1
| #define HAVE_DLFCN_H 1
| #define LT_OBJDIR ".libs/"
| #define SIZEOF_SIZE_T 8
| #define HAVE_SYS_MMAN_H 1
| #define HAVE_MMAP 1
| #define HAVE_MKOSTEMP 1
| #define HAVE_MKSTEMP 1
| #define HAVE_MMAP_FILE 1
| #define HAVE_MMAP_DEV_ZERO 1
| #define HAVE_MMAP_ANON 1
| #define HAVE_MEMCPY 1
| #define HAVE_ALLOCA_H 1
| #define HAVE_ALLOCA 1
| #define SIZEOF_DOUBLE 8
| #define SIZEOF_LONG_DOUBLE 16
| #define HAVE_LONG_DOUBLE 1
| #define HAVE_AS_CFI_PSEUDO_OP 1
| #define FFI_MMAP_EXEC_WRIT 1
| #define HAVE_RO_EH_FRAME 1
| #define EH_FRAME_FLAGS "a"
| #define HAVE_HIDDEN_VISIBILITY_ATTRIBUTE 1
| #define FFI_EXEC_STATIC_TRAMP 1
| /* end confdefs.h.  */
| 
| int
| main (void)
| {
| return 0;
|   ;
|   return 0;
| }
configure:22105: result: no
configure:22191: versioning on shared library symbols is gnu
configure:22275: checking that generated files are newer than configure
configure:22281: result: done
configure:22369: creating ./config.status

## ---------------------- ##
## Running config.status. ##
## ---------------------- ##

This file was extended by libffi config.status 3.4.2, which was
generated by GNU Autoconf 2.73.  Invocation command line was

  CONFIG_FILES    = 
  CONFIG_HEADERS  = 
  CONFIG_LINKS    = 
  CONFIG_COMMANDS = 
  $ ./config.status 

on sendo

config.status:1232: creating include/Makefile
config.status:1232: creating include/ffi.h
config.status:1232: creating Makefile
config.status:1232: creating testsuite/Makefile
config.status:1232: creating man/Makefile
config.status:1232: creating doc/Makefile
config.status:1232: creating libffi.pc
config.status:1232: creating fficonfig.h
config.status:1461: executing buildir commands
config.status:1474: skipping top_srcdir/Makefile - not created
config.status:1461: executing depfiles commands
config.status:1680: cd .       && sed -e '/# am--include-marker/d' Makefile         | make -j12 -f - am--depfiles
config.status:1687: $? = 0
config.status:1461: executing libtool commands
config.status:1461: executing include commands
config.status:1461: executing src commands

## ---------------- ##
## Cache variables. ##
## ---------------- ##

ac_cv_build=x86_64-pc-linux-android
ac_cv_c_bigendian=no
ac_cv_c_compiler_gnu=yes
ac_cv_cflags_warn_all=-Wall
ac_cv_cxx_compiler_gnu=yes
ac_cv_decl_map_anon=yes
ac_cv_env_CCASFLAGS_set=
ac_cv_env_CCASFLAGS_value=
ac_cv_env_CCAS_set=
ac_cv_env_CCAS_value=
ac_cv_env_CPPFLAGS_set=set
ac_cv_env_CPPFLAGS_value='-DANDROID -I/home/said/.buildozer/android/platform/android-ndk-r28c/toolchains/llvm/prebuilt/linux-x86_64/sysroot/usr/include -I/home/said/pygame/mygame/.buildozer/android/platform/build-arm64-v8a_armeabi-v7a/build/other_builds/python3/arm64-v8a__ndk_target_24/python3/android-build/android-root/include/python3.14'
ac_cv_env_CXXCPP_set=
ac_cv_env_CXXCPP_value=
ac_cv_env_LT_SYS_LIBRARY_PATH_set=
ac_cv_env_LT_SYS_LIBRARY_PATH_value=
ac_cv_env_build_alias_set=
ac_cv_env_build_alias_value=
ac_cv_env_host_alias_set=set
ac_cv_env_host_alias_value=aarch64-linux-android
ac_cv_env_target_alias_set=
ac_cv_env_target_alias_value=
ac_cv_func_alloca_works=yes
ac_cv_func_memcpy=yes
ac_cv_func_memfd_create=no
ac_cv_func_mkostemp=yes
ac_cv_func_mkstemp=yes
ac_cv_func_mmap=yes
ac_cv_func_mmap_anon=yes
ac_cv_func_mmap_dev_zero=yes
ac_cv_func_mmap_file=yes
ac_cv_header_dlfcn_h=yes
ac_cv_header_inttypes_h=yes
ac_cv_header_stdint_h=yes
ac_cv_header_stdio_h=yes
ac_cv_header_stdlib_h=yes
ac_cv_header_string_h=yes
ac_cv_header_strings_h=yes
ac_cv_header_sys_memfd_h=no
ac_cv_header_sys_mman_h=yes
ac_cv_header_sys_stat_h=yes
ac_cv_header_sys_types_h=yes
ac_cv_header_unistd_h=yes
ac_cv_host=aarch64-unknown-linux-android
ac_cv_objext=o
ac_cv_path_EGREP='/usr/bin/grep -E'
ac_cv_path_EGREP_TRADITIONAL='/usr/bin/grep -E'
ac_cv_path_FGREP='/usr/bin/grep -F'
ac_cv_path_GREP=/usr/bin/grep
ac_cv_path_SED=/usr/bin/sed
ac_cv_path_ax_enable_builddir_sed=sed
ac_cv_path_install='/usr/bin/install -c'
ac_cv_path_lt_DD=/usr/bin/dd
ac_cv_path_mkdir=/usr/bin/mkdir
ac_cv_prog_AR=/home/said/.buildozer/android/platform/android-ndk-r28c/toolchains/llvm/prebuilt/linux-x86_64/bin/llvm-ar
ac_cv_prog_AWK=gawk
ac_cv_prog_CC='/home/said/.buildozer/android/platform/android-ndk-r28c/toolchains/llvm/prebuilt/linux-x86_64/bin/clang -target aarch64-linux-android24 -fomit-frame-pointer -march=armv8-a -fPIC'
ac_cv_prog_CXXCPP='/home/said/.buildozer/android/platform/android-ndk-r28c/toolchains/llvm/prebuilt/linux-x86_64/bin/clang++ -target aarch64-linux-android24 -fomit-frame-pointer -march=armv8-a -fPIC -E'
ac_cv_prog_FILECMD=file
ac_cv_prog_RANLIB=/home/said/.buildozer/android/platform/android-ndk-r28c/toolchains/llvm/prebuilt/linux-x86_64/bin/llvm-ranlib
ac_cv_prog_READELF=/home/said/.buildozer/android/platform/android-ndk-r28c/toolchains/llvm/prebuilt/linux-x86_64/bin/llvm-readelf
ac_cv_prog_STRIP='/home/said/.buildozer/android/platform/android-ndk-r28c/toolchains/llvm/prebuilt/linux-x86_64/bin/llvm-strip --strip-unneeded'
ac_cv_prog_ac_ct_DUMPBIN='link -dump'
ac_cv_prog_ac_ct_OBJDUMP=objdump
ac_cv_prog_cc_c23=-std=gnu23
ac_cv_prog_cc_g=yes
ac_cv_prog_cc_stdc=-std=gnu23
ac_cv_prog_cxx_g=yes
ac_cv_prog_make_make_set=yes
ac_cv_sizeof_double=8
ac_cv_sizeof_long_double=16
ac_cv_sizeof_size_t=8
ac_cv_target=aarch64-unknown-linux-android
ac_cv_type_size_t=yes
ac_cv_working_alloca_h=yes
am_cv_CCAS_dependencies_compiler_type=gcc3
am_cv_CC_dependencies_compiler_type=gcc3
am_cv_CXX_dependencies_compiler_type=gcc3
am_cv_filesystem_timestamp_resolution=0.01
am_cv_make_support_nested_variables=yes
am_cv_prog_cc_c_o=yes
am_cv_prog_tar_ustar=gnutar
am_cv_sleep_fractional_seconds=yes
am_cv_xargs_n_works=yes
ax_cv_c_compiler_vendor=clang
ax_cv_check_cflags___fno_lto=yes
ax_cv_check_cflags___target_aarch64_linux_android24__fomit_frame_pointer__march_armv8_a__fPIC=yes
gcc_cv_as_cfi_pseudo_op=yes
libffi_cv_as_ptrauth=no
libffi_cv_hidden_visibility_attribute=yes
libffi_cv_no_lto=-fno-lto
libffi_cv_ro_eh_frame=yes
lt_cv_ar_at_file=@
lt_cv_archive_cmds_need_lc=no
lt_cv_deplibs_check_method=pass_all
lt_cv_file_magic_cmd='$MAGIC_CMD'
lt_cv_file_magic_test_file=
lt_cv_ld_reload_flag=-r
lt_cv_nm_interface='BSD nm'
lt_cv_objdir=.libs
lt_cv_path_LD=/home/said/.buildozer/android/platform/android-ndk-r28c/toolchains/llvm/prebuilt/linux-x86_64/bin/ld
lt_cv_path_LDCXX=/home/said/.buildozer/android/platform/android-ndk-r28c/toolchains/llvm/prebuilt/linux-x86_64/bin/ld
lt_cv_path_NM=no
lt_cv_path_manifest_tool=no
lt_cv_prog_compiler_c_o=yes
lt_cv_prog_compiler_c_o_CXX=yes
lt_cv_prog_compiler_pic='-fPIC -DPIC'
lt_cv_prog_compiler_pic_CXX='-fPIC -DPIC'
lt_cv_prog_compiler_pic_works=yes
lt_cv_prog_compiler_pic_works_CXX=yes
lt_cv_prog_compiler_rtti_exceptions=yes
lt_cv_prog_compiler_static_works=yes
lt_cv_prog_compiler_static_works_CXX=yes
lt_cv_prog_gnu_ld=yes
lt_cv_prog_gnu_ldcxx=yes
lt_cv_sharedlib_from_linklib_cmd='printf %s\n'
lt_cv_sys_global_symbol_pipe='/usr/bin/sed -n -e '\''s/^.*[	 ]\([ABCDGIRSTW][ABCDGIRSTW]*\)[	 ][	 ]*\([_A-Za-z][_A-Za-z0-9]*\)$/\1 \2 \2/p'\'' | /usr/bin/sed '\''/ __gnu_lto/d'\'''
lt_cv_sys_global_symbol_to_c_name_address='/usr/bin/sed -n -e '\''s/^: \(.*\) .*$/  {"\1", (void *) 0},/p'\'' -e '\''s/^[ABCDGIRSTW][ABCDGIRSTW]* .* \([a-zA-Z_][a-zA-Z0-9_]*\)$/  {"\1", (void *) \&\1},/p'\'''
lt_cv_sys_global_symbol_to_c_name_address_lib_prefix='/usr/bin/sed -n -e '\''s/^: \(.*\) .*$/  {"\1", (void *) 0},/p'\'' -e '\''s/^[ABCDGIRSTW][ABCDGIRSTW]* .* \(lib[a-zA-Z_][a-zA-Z0-9_]*\)$/  {"\1", (void *) \&\1},/p'\'' -e '\''s/^[ABCDGIRSTW][ABCDGIRSTW]* .* \([a-zA-Z_][a-zA-Z0-9_]*\)$/  {"lib\1", (void *) \&\1},/p'\'''
lt_cv_sys_global_symbol_to_cdecl='/usr/bin/sed -n -e '\''s/^T .* \([a-zA-Z_][a-zA-Z0-9_]*\)$/extern int \1();/p'\'' -e '\''s/^[ABCDGIRSTW][ABCDGIRSTW]* .* \([a-zA-Z_][a-zA-Z0-9_]*\)$/extern char \1;/p'\'''
lt_cv_sys_global_symbol_to_import=
lt_cv_sys_max_cmd_len=1572864
lt_cv_sys_symbol_underscore=no
lt_cv_to_host_file_cmd=func_convert_file_noop
lt_cv_to_tool_file_cmd=func_convert_file_noop
lt_cv_truncate_bin='/usr/bin/dd bs=4096 count=1'

## ----------------- ##
## Output variables. ##
## ----------------- ##

ACLOCAL='${SHELL} '\''/home/said/pygame/mygame/.buildozer/android/platform/build-arm64-v8a_armeabi-v7a/build/other_builds/libffi/arm64-v8a__ndk_target_24/libffi/missing'\'' aclocal-1.18'
ALLOCA=''
AMDEPBACKSLASH='\'
AMDEP_FALSE='#'
AMDEP_TRUE=''
AMTAR='$${TAR-tar}'
AM_BACKSLASH='\'
AM_DEFAULT_V='$(AM_DEFAULT_VERBOSITY)'
AM_DEFAULT_VERBOSITY='1'
AM_LTLDFLAGS=''
AM_RUNTESTFLAGS=''
AM_V='$(V)'
AR='/home/said/.buildozer/android/platform/android-ndk-r28c/toolchains/llvm/prebuilt/linux-x86_64/bin/llvm-ar'
AUTOCONF='${SHELL} '\''/home/said/pygame/mygame/.buildozer/android/platform/build-arm64-v8a_armeabi-v7a/build/other_builds/libffi/arm64-v8a__ndk_target_24/libffi/missing'\'' autoconf'
AUTOHEADER='${SHELL} '\''/home/said/pygame/mygame/.buildozer/android/platform/build-arm64-v8a_armeabi-v7a/build/other_builds/libffi/arm64-v8a__ndk_target_24/libffi/missing'\'' autoheader'
AUTOMAKE='${SHELL} '\''/home/said/pygame/mygame/.buildozer/android/platform/build-arm64-v8a_armeabi-v7a/build/other_builds/libffi/arm64-v8a__ndk_target_24/libffi/missing'\'' automake-1.18'
AWK='gawk'
BUILD_DOCS_FALSE='#'
BUILD_DOCS_TRUE=''
CC='/home/said/.buildozer/android/platform/android-ndk-r28c/toolchains/llvm/prebuilt/linux-x86_64/bin/clang -target aarch64-linux-android24 -fomit-frame-pointer -march=armv8-a -fPIC -std=gnu23'
CCAS='/home/said/.buildozer/android/platform/android-ndk-r28c/toolchains/llvm/prebuilt/linux-x86_64/bin/clang -target aarch64-linux-android24 -fomit-frame-pointer -march=armv8-a -fPIC -std=gnu23'
CCASDEPMODE='depmode=gcc3'
CCASFLAGS='-target aarch64-linux-android24 -fomit-frame-pointer -march=armv8-a -fPIC'
CCDEPMODE='depmode=gcc3'
CFLAGS='-target aarch64-linux-android24 -fomit-frame-pointer -march=armv8-a -fPIC -Wall -fexceptions'
CPPFLAGS='-DANDROID -I/home/said/.buildozer/android/platform/android-ndk-r28c/toolchains/llvm/prebuilt/linux-x86_64/sysroot/usr/include -I/home/said/pygame/mygame/.buildozer/android/platform/build-arm64-v8a_armeabi-v7a/build/other_builds/python3/arm64-v8a__ndk_target_24/python3/android-build/android-root/include/python3.14'
CSCOPE='cscope'
CTAGS='ctags'
CXX='/home/said/.buildozer/android/platform/android-ndk-r28c/toolchains/llvm/prebuilt/linux-x86_64/bin/clang++ -target aarch64-linux-android24 -fomit-frame-pointer -march=armv8-a -fPIC'
CXXCPP='/home/said/.buildozer/android/platform/android-ndk-r28c/toolchains/llvm/prebuilt/linux-x86_64/bin/clang++ -target aarch64-linux-android24 -fomit-frame-pointer -march=armv8-a -fPIC -E'
CXXDEPMODE='depmode=gcc3'
CXXFLAGS='-target aarch64-linux-android24 -fomit-frame-pointer -march=armv8-a -fPIC'
CYGPATH_W='echo'
DEFS='-DHAVE_CONFIG_H'
DEPDIR='.deps'
DLLTOOL='false'
DSYMUTIL=''
DUMPBIN=':'
ECHO_C=''
ECHO_N='-n'
ECHO_T=''
EGREP='/usr/bin/grep -E'
ETAGS='etags'
EXEEXT=''
FFI_DEBUG_FALSE=''
FFI_DEBUG_TRUE='#'
FFI_EXEC_TRAMPOLINE_TABLE='0'
FFI_EXEC_TRAMPOLINE_TABLE_FALSE=''
FFI_EXEC_TRAMPOLINE_TABLE_TRUE='#'
FGREP='/usr/bin/grep -F'
FILECMD='file'
GREP='/usr/bin/grep'
HAVE_LONG_DOUBLE='1'
HAVE_LONG_DOUBLE_VARIANT='0'
INSTALL_DATA='${INSTALL} -m 644'
INSTALL_PROGRAM='${INSTALL}'
INSTALL_SCRIPT='${INSTALL}'
INSTALL_STRIP_PROGRAM='$(install_sh) -c -s'
LD='/home/said/.buildozer/android/platform/android-ndk-r28c/toolchains/llvm/prebuilt/linux-x86_64/bin/ld'
LDFLAGS='  -L/home/said/pygame/mygame/.buildozer/android/platform/build-arm64-v8a_armeabi-v7a/build/libs_collections/innovationdino/arm64-v8a'
LIBFFI_BUILD_VERSIONED_SHLIB_FALSE='#'
LIBFFI_BUILD_VERSIONED_SHLIB_GNU_FALSE='#'
LIBFFI_BUILD_VERSIONED_SHLIB_GNU_TRUE=''
LIBFFI_BUILD_VERSIONED_SHLIB_SUN_FALSE=''
LIBFFI_BUILD_VERSIONED_SHLIB_SUN_TRUE='#'
LIBFFI_BUILD_VERSIONED_SHLIB_TRUE=''
LIBOBJS=''
LIBS=''
LIBTOOL='$(SHELL) $(top_builddir)/libtool'
LIPO=''
LN_S='ln -s'
LTLIBOBJS=''
LT_SYS_LIBRARY_PATH=''
MAINT='#'
MAINTAINER_MODE_FALSE=''
MAINTAINER_MODE_TRUE='#'
MAKEINFO='${SHELL} '\''/home/said/pygame/mygame/.buildozer/android/platform/build-arm64-v8a_armeabi-v7a/build/other_builds/libffi/arm64-v8a__ndk_target_24/libffi/missing'\'' makeinfo'
MANIFEST_TOOL=':'
MKDIR_P='/usr/bin/mkdir -p'
NM='nm'
NMEDIT=''
OBJDUMP='objdump'
OBJEXT='o'
OPT_LDFLAGS='-Wl,-O1 '
OTOOL64=''
OTOOL=''
PACKAGE='libffi'
PACKAGE_BUGREPORT='http://github.com/libffi/libffi/issues'
PACKAGE_NAME='libffi'
PACKAGE_STRING='libffi 3.4.2'
PACKAGE_TARNAME='libffi'
PACKAGE_URL=''
PACKAGE_VERSION='3.4.2'
PATH_SEPARATOR=':'
PRTDIAG=''
RANLIB='/home/said/.buildozer/android/platform/android-ndk-r28c/toolchains/llvm/prebuilt/linux-x86_64/bin/llvm-ranlib'
READELF='/home/said/.buildozer/android/platform/android-ndk-r28c/toolchains/llvm/prebuilt/linux-x86_64/bin/llvm-readelf'
SECTION_LDFLAGS=''
SED='/usr/bin/sed'
SET_MAKE=''
SHELL='/bin/sh'
STRIP='/home/said/.buildozer/android/platform/android-ndk-r28c/toolchains/llvm/prebuilt/linux-x86_64/bin/llvm-strip --strip-unneeded'
TARGET='AARCH64'
TARGETDIR='aarch64'
TARGET_OBJ=' src/aarch64/ffi.lo src/aarch64/sysv.lo'
TESTSUBDIR_FALSE='#'
TESTSUBDIR_TRUE=''
VERSION='3.4.2'
ac_ct_AR=''
ac_ct_CC=''
ac_ct_CXX=''
ac_ct_DUMPBIN='link -dump'
am__EXEEXT_FALSE=''
am__EXEEXT_TRUE='#'
am__fastdepCCAS_FALSE='#'
am__fastdepCCAS_TRUE=''
am__fastdepCC_FALSE='#'
am__fastdepCC_TRUE=''
am__fastdepCXX_FALSE='#'
am__fastdepCXX_TRUE=''
am__include='include'
am__isrc=''
am__leading_dot='.'
am__nodep='_no'
am__quote=''
am__rm_f_notfound=''
am__tar='tar --format=ustar -chf - "$$tardir"'
am__untar='tar -xf -'
am__xargs_n='xargs -n'
ax_enable_builddir_sed='sed'
bindir='${exec_prefix}/bin'
build='x86_64-pc-linux-android'
build_alias=''
build_cpu='x86_64'
build_os='linux-android'
build_vendor='pc'
datadir='${datarootdir}'
datarootdir='${prefix}/share'
docdir='${datarootdir}/doc/${PACKAGE_TARNAME}'
dvidir='${docdir}'
exec_prefix='${prefix}'
host='aarch64-unknown-linux-android'
host_alias='aarch64-linux-android'
host_cpu='aarch64'
host_os='linux-android'
host_vendor='unknown'
htmldir='${docdir}'
includedir='${prefix}/include'
infodir='${datarootdir}/info'
install_sh='${SHELL} /home/said/pygame/mygame/.buildozer/android/platform/build-arm64-v8a_armeabi-v7a/build/other_builds/libffi/arm64-v8a__ndk_target_24/libffi/install-sh'
libdir='${exec_prefix}/lib'
libexecdir='${exec_prefix}/libexec'
localedir='${datarootdir}/locale'
localstatedir='${prefix}/var'
mandir='${datarootdir}/man'
mkdir_p='$(MKDIR_P)'
oldincludedir='/usr/include'
pdfdir='${docdir}'
prefix='/home/said/pygame/mygame/.buildozer/android/platform/build-arm64-v8a_armeabi-v7a/build/other_builds/libffi/arm64-v8a__ndk_target_24/libffi'
program_transform_name='s,x,x,'
psdir='${docdir}'
runstatedir='${localstatedir}/run'
sbindir='${exec_prefix}/sbin'
sharedstatedir='${prefix}/com'
sys_symbol_underscore='no'
sysconfdir='${prefix}/etc'
target='aarch64-unknown-linux-android'
target_alias='aarch64-linux-android'
target_cpu='aarch64'
target_os='linux-android'
target_vendor='unknown'
toolexecdir='${libdir}/gcc-lib/$(target_alias)'
toolexeclibdir='${libdir}'

## ----------- ##
## confdefs.h. ##
## ----------- ##

/* confdefs.h */
#define PACKAGE_NAME "libffi"
#define PACKAGE_TARNAME "libffi"
#define PACKAGE_VERSION "3.4.2"
#define PACKAGE_STRING "libffi 3.4.2"
#define PACKAGE_BUGREPORT "http://github.com/libffi/libffi/issues"
#define PACKAGE_URL ""
#define PACKAGE "libffi"
#define VERSION "3.4.2"
#define HAVE_STDIO_H 1
#define HAVE_STDLIB_H 1
#define HAVE_STRING_H 1
#define HAVE_INTTYPES_H 1
#define HAVE_STDINT_H 1
#define HAVE_STRINGS_H 1
#define HAVE_SYS_STAT_H 1
#define HAVE_SYS_TYPES_H 1
#define HAVE_UNISTD_H 1
#define STDC_HEADERS 1
#define HAVE_DLFCN_H 1
#define LT_OBJDIR ".libs/"
#define SIZEOF_SIZE_T 8
#define HAVE_SYS_MMAN_H 1
#define HAVE_MMAP 1
#define HAVE_MKOSTEMP 1
#define HAVE_MKSTEMP 1
#define HAVE_MMAP_FILE 1
#define HAVE_MMAP_DEV_ZERO 1
#define HAVE_MMAP_ANON 1
#define HAVE_MEMCPY 1
#define HAVE_ALLOCA_H 1
#define HAVE_ALLOCA 1
#define SIZEOF_DOUBLE 8
#define SIZEOF_LONG_DOUBLE 16
#define HAVE_LONG_DOUBLE 1
#define HAVE_AS_CFI_PSEUDO_OP 1
#define FFI_MMAP_EXEC_WRIT 1
#define HAVE_RO_EH_FRAME 1
#define EH_FRAME_FLAGS "a"
#define HAVE_HIDDEN_VISIBILITY_ATTRIBUTE 1
#define FFI_EXEC_STATIC_TRAMP 1
#define LIBFFI_GNU_SYMBOL_VERSIONING 1

configure: exit 
